{"status":0,"data":[{"cname":"FC1","cnum":"CAM_X791","cclass":"标题类文字","cmeaning":"列表页Feed标题字色","cline":"FEED","mods":[{"name":"default","color":"1F1F1F","opacity":1,"rgba":"31, 31, 31, 1"},{"name":"dark","color":"FFFFFF","opacity":0.8,"rgba":"255, 255, 255, 0.8"},{"name":"night","color":"666666","opacity":1,"rgba":"102, 102, 102, 1"}]},{"cname":"FC10","cnum":"CAM_X791","cclass":"正文类文字","cmeaning":"落地页引入信息（挂件）主要文字","cline":"FEED","mods":[{"name":"default","color":"1F1F1F","opacity":1,"rgba":"31, 31, 31, 1"},{"name":"dark","color":"FFFFFF","opacity":0.8,"rgba":"255, 255, 255, 0.8"},{"name":"night","color":"666666","opacity":1,"rgba":"102, 102, 102, 1"}]},{"cname":"FC100","cnum":"CAM_X389","cclass":"通用色-无用色","cmeaning":"无用色-3","cline":"FEED","mods":[{"name":"default","color":"000000","opacity":0,"rgba":"0, 0, 0, 0"},{"name":"dark","color":"000000","opacity":0,"rgba":"0, 0, 0, 0"},{"name":"night","color":"000000","opacity":0,"rgba":"0, 0, 0, 0"}]},{"cname":"FC101","cnum":"CAM_X791","cclass":"通用文字色","cmeaning":"文字色1","cline":"FEED","mods":[{"name":"default","color":"1F1F1F","opacity":1,"rgba":"31, 31, 31, 1"},{"name":"dark","color":"FFFFFF","opacity":0.8,"rgba":"255, 255, 255, 0.8"},{"name":"night","color":"666666","opacity":1,"rgba":"102, 102, 102, 1"}]},{"cname":"FC102","cnum":"CAM_X1001","cclass":"通用色","cmeaning":"登录条背景色","cline":"FEED","mods":[{"name":"default","color":"4E6EF2","opacity":0.05,"rgba":"78, 110, 242, 0.05"},{"name":"dark","color":"4E6EF2","opacity":0.3,"rgba":"78, 110, 242, 0.3"},{"name":"night","color":"4E6EF2","opacity":0.2,"rgba":"78, 110, 242, 0.2"}]},{"cname":"FC103","cnum":"CAM_X792","cclass":"通用文字色","cmeaning":"文字色2","cline":"FEED","mods":[{"name":"default","color":"525252","opacity":1,"rgba":"82, 82, 82, 1"},{"name":"dark","color":"FFFFFF","opacity":0.6,"rgba":"255, 255, 255, 0.6"},{"name":"night","color":"555555","opacity":1,"rgba":"85, 85, 85, 1"}]},{"cname":"FC104","cnum":"CAM_X793","cclass":"通用文字色","cmeaning":"文字色3","cline":"FEED","mods":[{"name":"default","color":"858585","opacity":1,"rgba":"133, 133, 133, 1"},{"name":"dark","color":"FFFFFF","opacity":0.5,"rgba":"255, 255, 255, 0.5"},{"name":"night","color":"444444","opacity":1,"rgba":"68, 68, 68, 1"}]},{"cname":"FC105","cnum":"CAM_X794","cclass":"通用文字色","cmeaning":"文字色4","cline":"FEED","mods":[{"name":"default","color":"B8B8B8","opacity":1,"rgba":"184, 184, 184, 1"},{"name":"dark","color":"FFFFFF","opacity":0.4,"rgba":"255, 255, 255, 0.4"},{"name":"night","color":"4D4D4D","opacity":1,"rgba":"77, 77, 77, 1"}]},{"cname":"FC106","cnum":"CAM_X916","cclass":"标签用色","cmeaning":"置顶标签背景色","cline":"FEED","mods":[{"name":"default","color":"FF3333","opacity":0.1,"rgba":"255, 51, 51, 0.1"},{"name":"dark","color":"FF3333","opacity":0.2,"rgba":"255, 51, 51, 0.2"},{"name":"night","color":"781F1F","opacity":1,"rgba":"120, 31, 31, 1"}]},{"cname":"FC107","cnum":"CAM_X530","cclass":"描边","cmeaning":"头像描边","cline":"FEED","mods":[{"name":"default","color":"000000","opacity":0.1,"rgba":"0, 0, 0, 0.1"},{"name":"dark","color":"FFFFFF","opacity":0.2,"rgba":"255, 255, 255, 0.2"},{"name":"night","color":"666666","opacity":0.2,"rgba":"102, 102, 102, 0.2"}]},{"cname":"FC108","cnum":"CAM_X626","cclass":"操作按钮","cmeaning":"强蓝色关注按钮背景色","cline":"FEED","mods":[{"name":"default","color":"4E6EF2","opacity":1,"rgba":"78, 110, 242, 1"},{"name":"dark","color":"4E6EF2","opacity":1,"rgba":"78, 110, 242, 1"},{"name":"night","color":"263678","opacity":1,"rgba":"38, 54, 120, 1"}]},{"cname":"FC109","cnum":"CAM_X486","cclass":"操作按钮","cmeaning":"强蓝色关注按钮文字色","cline":"FEED","mods":[{"name":"default","color":"FFFFFF","opacity":1,"rgba":"255, 255, 255, 1"},{"name":"dark","color":"FFFFFF","opacity":1,"rgba":"255, 255, 255, 1"},{"name":"night","color":"FFFFFF","opacity":0.5,"rgba":"255, 255, 255, 0.5"}]},{"cname":"FC11","cnum":"CAM_X888","cclass":"正文类文字","cmeaning":"次要信息文字","cline":"FEED","mods":[{"name":"default","color":"525252","opacity":1,"rgba":"82, 82, 82, 1"},{"name":"dark","color":"FFFFFF","opacity":0.7,"rgba":"255, 255, 255, 0.7"},{"name":"night","color":"555555","opacity":1,"rgba":"85, 85, 85, 1"}]},{"cname":"FC110","cnum":"CAM_X821","cclass":"通用色-无用色","cmeaning":"tts按钮播报","cline":"FEED","mods":[{"name":"default","color":"525252","opacity":1,"rgba":"82, 82, 82, 1"},{"name":"dark","color":"FFFFFF","opacity":0.8,"rgba":"255, 255, 255, 0.8"},{"name":"night","color":"666666","opacity":1,"rgba":"102, 102, 102, 1"}]},{"cname":"FC111","cnum":"CAM_X429","cclass":"操作按钮","cmeaning":"已关注按钮背景色","cline":"FEED","mods":[{"name":"default","color":"FFFFFF","opacity":0,"rgba":"255, 255, 255, 0"},{"name":"dark","color":"444444","opacity":0.5,"rgba":"68, 68, 68, 0.5"},{"name":"night","color":"191919","opacity":0,"rgba":"25, 25, 25, 0"}]},{"cname":"FC112","cnum":"CAM_X809","cclass":"操作按钮","cmeaning":"已关注按钮描边色","cline":"FEED","mods":[{"name":"default","color":"E0E0E0","opacity":1,"rgba":"224, 224, 224, 1"},{"name":"dark","color":"000000","opacity":0,"rgba":"0, 0, 0, 0"},{"name":"night","color":"656565","opacity":1,"rgba":"101, 101, 101, 1"}]},{"cname":"FC113","cnum":"CAM_X906","cclass":"操作按钮","cmeaning":"已关注按钮文字色","cline":"FEED","mods":[{"name":"default","color":"858585","opacity":1,"rgba":"133, 133, 133, 1"},{"name":"dark","color":"FFFFFF","opacity":0.5,"rgba":"255, 255, 255, 0.5"},{"name":"night","color":"FFFFFF","opacity":0.5,"rgba":"255, 255, 255, 0.5"}]},{"cname":"FC114","cnum":"CAM_X908","cclass":"feedtab和频道管理","cmeaning":"tab文字选中色-有底色（目前夜间、dark不支持彩头）","cline":"FEED","mods":[{"name":"default","color":"FFFFFF","opacity":1,"rgba":"255, 255, 255, 1"},{"name":"dark","color":"FFFFFF","opacity":0.8,"rgba":"255, 255, 255, 0.8"},{"name":"night","color":"666666","opacity":1,"rgba":"102, 102, 102, 1"}]},{"cname":"FC115","cnum":"CAM_X918","cclass":"feedtab和频道管理","cmeaning":"tab文字未选中-有底色（目前夜间、dark不支持彩头）","cline":"FEED","mods":[{"name":"default","color":"FFFFFF","opacity":0.7,"rgba":"255, 255, 255, 0.7"},{"name":"dark","color":"FFFFFF","opacity":0.5,"rgba":"255, 255, 255, 0.5"},{"name":"night","color":"444444","opacity":1,"rgba":"68, 68, 68, 1"}]},{"cname":"FC116","cnum":"CAM_X908","cclass":"feedtab和频道管理","cmeaning":"tab条选中色-有底色（目前夜间、dark不支持彩头哦）","cline":"FEED","mods":[{"name":"default","color":"FFFFFF","opacity":1,"rgba":"255, 255, 255, 1"},{"name":"dark","color":"FFFFFF","opacity":0.8,"rgba":"255, 255, 255, 0.8"},{"name":"night","color":"666666","opacity":1,"rgba":"102, 102, 102, 1"}]},{"cname":"FC117","cnum":"CAM_X819","cclass":"feedtab和频道管理","cmeaning":"tab选中条-无底色","cline":"FEED","mods":[{"name":"default","color":"4E6EF2","opacity":1,"rgba":"78, 110, 242, 1"},{"name":"dark","color":"4E6EF2","opacity":1,"rgba":"78, 110, 242, 1"},{"name":"night","color":"666666","opacity":1,"rgba":"102, 102, 102, 1"}]},{"cname":"FC118","cnum":"CAM_X1015","cclass":"有驾品牌色","cmeaning":"有驾重点信息字色、特殊标签颜色、icon颜色","cline":"FEED","mods":[{"name":"default","color":"00CECF","opacity":1,"rgba":"0, 206, 207, 1"},{"name":"dark","color":"00CECF","opacity":1,"rgba":"0, 206, 207, 1"},{"name":"night","color":"04CECF","opacity":1,"rgba":"4, 206, 207, 1"}]},{"cname":"FC119","cnum":"CAM_X886","cclass":"标题类文字","cmeaning":"图上标签描边色","cline":"FEED","mods":[{"name":"default","color":"FFFFFF","opacity":0.5,"rgba":"255, 255, 255, 0.5"},{"name":"dark","color":"FFFFFF","opacity":0.8,"rgba":"255, 255, 255, 0.8"},{"name":"night","color":"FFFFFF","opacity":0.5,"rgba":"255, 255, 255, 0.5"}]},{"cname":"FC12","cnum":"CAM_X361","cclass":"点击态","cmeaning":"Feed卡片点击态","cline":"FEED","mods":[{"name":"default","color":"000000","opacity":0.05,"rgba":"0, 0, 0, 0.05"},{"name":"dark","color":"FFFFFF","opacity":0.1,"rgba":"255, 255, 255, 0.1"},{"name":"night","color":"666666","opacity":0.05,"rgba":"102, 102, 102, 0.05"}]},{"cname":"FC120","cnum":"CAM_X890","cclass":"辅助类文字","cmeaning":"资源类型胶囊背景色","cline":"FEED","mods":[{"name":"default","color":"000000","opacity":0.4,"rgba":"0, 0, 0, 0.4"},{"name":"dark","color":"000000","opacity":0.4,"rgba":"0, 0, 0, 0.4"},{"name":"night","color":"000000","opacity":0.4,"rgba":"0, 0, 0, 0.4"}]},{"cname":"FC121","cnum":"CAM_X904","cclass":"UGC","cmeaning":"热议频道推荐理由标签红色","cline":"FEED","mods":[{"name":"default","color":"FF3333","opacity":1,"rgba":"255, 51, 51, 1"},{"name":"dark","color":"FF3333","opacity":1,"rgba":"255, 51, 51, 1"},{"name":"night","color":"801919","opacity":1,"rgba":"128, 25, 25, 1"}]},{"cname":"FC122","cnum":"CAM_X370","cclass":"UGC","cmeaning":"热议频道推荐理由和挂载小程序标签橘色字","cline":"FEED","mods":[{"name":"default","color":"FF6600","opacity":1,"rgba":"255, 102, 0, 1"},{"name":"dark","color":"FF6600","opacity":1,"rgba":"255, 102, 0, 1"},{"name":"night","color":"803300","opacity":1,"rgba":"128, 51, 0, 1"}]},{"cname":"FC123","cnum":"CAM_X921","cclass":"UGC","cmeaning":"热议频道推荐理由标签红色背景色","cline":"FEED","mods":[{"name":"default","color":"FF3333","opacity":0.1,"rgba":"255, 51, 51, 0.1"},{"name":"dark","color":"FF3333","opacity":0.2,"rgba":"255, 51, 51, 0.2"},{"name":"night","color":"FF3333","opacity":0.1,"rgba":"255, 51, 51, 0.1"}]},{"cname":"FC124","cnum":"CAM_X172","cclass":"UGC","cmeaning":"热议频道推荐理由和挂载小程序标签橘色背景色","cline":"FEED","mods":[{"name":"default","color":"FF6600","opacity":0.1,"rgba":"255, 102, 0, 0.1"},{"name":"dark","color":"FF6600","opacity":0.2,"rgba":"255, 102, 0, 0.2"},{"name":"night","color":"FF6600","opacity":0.1,"rgba":"255, 102, 0, 0.1"}]},{"cname":"FC125","cnum":"CAM_X907","cclass":"操作按钮","cmeaning":"dislike操作icon色 新","cline":"FEED","mods":[{"name":"default","color":"D8D8D8","opacity":1,"rgba":"216, 216, 216, 1"},{"name":"dark","color":"525252","opacity":1,"rgba":"82, 82, 82, 1"},{"name":"night","color":"444444","opacity":1,"rgba":"68, 68, 68, 1"}]},{"cname":"FC126","cnum":"CAM_X444","cclass":"UGC","cmeaning":"挂载小程序标签-橘色-描边","cline":"FEED","mods":[{"name":"default","color":"FF6600","opacity":0.5,"rgba":"255, 102, 0, 0.5"},{"name":"dark","color":"FF6600","opacity":0.5,"rgba":"255, 102, 0, 0.5"},{"name":"night","color":"803300","opacity":1,"rgba":"128, 51, 0, 1"}]},{"cname":"FC127","cnum":"CAM_X370","cclass":"UGC","cmeaning":"挂载小程序标签橘色背景色","cline":"FEED","mods":[{"name":"default","color":"FF6600","opacity":1,"rgba":"255, 102, 0, 1"},{"name":"dark","color":"FF6600","opacity":1,"rgba":"255, 102, 0, 1"},{"name":"night","color":"803300","opacity":1,"rgba":"128, 51, 0, 1"}]},{"cname":"FC128","cnum":"CAM_X1016","cclass":"横滑模版背景色","cmeaning":"横滑推荐模版背景色","cline":"FEED","mods":[{"name":"default","color":"FFFFFF","opacity":1,"rgba":"255, 255, 255, 1"},{"name":"dark","color":"FFFFFF","opacity":0.1,"rgba":"255, 255, 255, 0.1"},{"name":"night","color":"222222","opacity":1,"rgba":"34, 34, 34, 1"}]},{"cname":"FC129","cnum":"CAM_X642","cclass":"UGC","cmeaning":"动态模版社会组织标签描边","cline":"FEED","mods":[{"name":"default","color":"4E6EF2","opacity":0.5,"rgba":"78, 110, 242, 0.5"},{"name":"dark","color":"4E6EF2","opacity":0.5,"rgba":"78, 110, 242, 0.5"},{"name":"night","color":"263678","opacity":0.5,"rgba":"38, 54, 120, 0.5"}]},{"cname":"FC13","cnum":"CAM_X626","cclass":"操作类文字","cmeaning":"（TTS/付费频道）进程中","cline":"FEED","mods":[{"name":"default","color":"4E6EF2","opacity":1,"rgba":"78, 110, 242, 1"},{"name":"dark","color":"4E6EF2","opacity":1,"rgba":"78, 110, 242, 1"},{"name":"night","color":"263678","opacity":1,"rgba":"38, 54, 120, 1"}]},{"cname":"FC130","cnum":"CAM_X1157","cclass":"操作按钮","cmeaning":"TTS-模版中按钮播报按钮背景","cline":"FEED","mods":[{"name":"default","color":"1F1F1F","opacity":0,"rgba":"31, 31, 31, 0"},{"name":"dark","color":"2E2E2E","opacity":1,"rgba":"46, 46, 46, 1"},{"name":"night","color":"121212","opacity":1,"rgba":"18, 18, 18, 1"}]},{"cname":"FC131","cnum":"CAM_X821","cclass":"操作按钮","cmeaning":"TTS-模版中按钮播报按钮文字","cline":"FEED","mods":[{"name":"default","color":"525252","opacity":1,"rgba":"82, 82, 82, 1"},{"name":"dark","color":"FFFFFF","opacity":0.8,"rgba":"255, 255, 255, 0.8"},{"name":"night","color":"666666","opacity":1,"rgba":"102, 102, 102, 1"}]},{"cname":"FC132","cnum":"CAM_X1188","cclass":"操作按钮","cmeaning":"TTS-模版中按钮暂停按钮背景","cline":"FEED","mods":[{"name":"default","color":"1F1F1F","opacity":0,"rgba":"31, 31, 31, 0"},{"name":"dark","color":"4E6EF2","opacity":0.3,"rgba":"78, 110, 242, 0.3"},{"name":"night","color":"4E6EF2","opacity":0,"rgba":"78, 110, 242, 0"}]},{"cname":"FC133","cnum":"CAM_X626","cclass":"操作按钮","cmeaning":"TTS-模版中按钮暂停按钮文字","cline":"FEED","mods":[{"name":"default","color":"4E6EF2","opacity":1,"rgba":"78, 110, 242, 1"},{"name":"dark","color":"4E6EF2","opacity":1,"rgba":"78, 110, 242, 1"},{"name":"night","color":"263678","opacity":1,"rgba":"38, 54, 120, 1"}]},{"cname":"FC134","cnum":"CAM_X1060","cclass":"UGC","cmeaning":"转发动态模板按压态背景色","cline":"FEED","mods":[{"name":"default","color":"E8E8E8","opacity":1,"rgba":"232, 232, 232, 1"},{"name":"dark","color":"2D2D2D","opacity":1,"rgba":"45, 45, 45, 1"},{"name":"night","color":"1D1D1D","opacity":1,"rgba":"29, 29, 29, 1"}]},{"cname":"FC135","cnum":"CAM_X390","cclass":"标签用色","cmeaning":"图上直播标签-“参与人数”背景","cline":"FEED","mods":[{"name":"default","color":"000000","opacity":0.2,"rgba":"0, 0, 0, 0.2"},{"name":"dark","color":"000000","opacity":0.2,"rgba":"0, 0, 0, 0.2"},{"name":"night","color":"000000","opacity":0.2,"rgba":"0, 0, 0, 0.2"}]},{"cname":"FC136","cnum":"CAM_X1078","cclass":"关注频道用色","cmeaning":"关注频道-我的关注头像外圈色","cline":"FEED","mods":[{"name":"default","color":"E0E0E0","opacity":1,"rgba":"224, 224, 224, 1"},{"name":"dark","color":"666666","opacity":1,"rgba":"102, 102, 102, 1"},{"name":"night","color":"222222","opacity":1,"rgba":"34, 34, 34, 1"}]},{"cname":"FC137","cnum":"CAM_X1079","cclass":"UGC","cmeaning":"动态模板Android图片四个圆角压角背景色","cline":"FEED","mods":[{"name":"default","color":"F2F2F2","opacity":1,"rgba":"242, 242, 242, 1"},{"name":"dark","color":"212121","opacity":1,"rgba":"33, 33, 33, 1"},{"name":"night","color":"1C1C1C","opacity":1,"rgba":"28, 28, 28, 1"}]},{"cname":"FC138","cnum":"CAM_X1028","cclass":"操作按钮","cmeaning":"pk类按钮-蓝色按钮背景","cline":"FEED","mods":[{"name":"default","color":"4E6EF2","opacity":0.1,"rgba":"78, 110, 242, 0.1"},{"name":"dark","color":"4E6EF2","opacity":0.2,"rgba":"78, 110, 242, 0.2"},{"name":"night","color":"4E6EF2","opacity":0.1,"rgba":"78, 110, 242, 0.1"}]},{"cname":"FC139","cnum":"CAM_X921","cclass":"操作按钮","cmeaning":"pk类按钮-红色按钮背景","cline":"FEED","mods":[{"name":"default","color":"FF3333","opacity":0.1,"rgba":"255, 51, 51, 0.1"},{"name":"dark","color":"FF3333","opacity":0.2,"rgba":"255, 51, 51, 0.2"},{"name":"night","color":"FF3333","opacity":0.1,"rgba":"255, 51, 51, 0.1"}]},{"cname":"FC14","cnum":"CAM_X791","cclass":"操作按钮","cmeaning":"黑色线框按钮文字","cline":"FEED","mods":[{"name":"default","color":"1F1F1F","opacity":1,"rgba":"31, 31, 31, 1"},{"name":"dark","color":"FFFFFF","opacity":0.8,"rgba":"255, 255, 255, 0.8"},{"name":"night","color":"666666","opacity":1,"rgba":"102, 102, 102, 1"}]},{"cname":"FC140","cnum":"CAM_X1115","cclass":"彩色文字","cmeaning":"黄色文字 目前用于榜单类数字3","cline":"FEED","mods":[{"name":"default","color":"FAA90E","opacity":1,"rgba":"250, 169, 14, 1"},{"name":"dark","color":"FAA90E","opacity":1,"rgba":"250, 169, 14, 1"},{"name":"night","color":"7A5311","opacity":1,"rgba":"122, 83, 17, 1"}]},{"cname":"FC141","cnum":"CAM_X803","cclass":"UGC","cmeaning":"动态沉浸页通栏转发纯文与挂载卡片分割线色","cline":"FEED","mods":[{"name":"default","color":"E0E0E0","opacity":1,"rgba":"224, 224, 224, 1"},{"name":"dark","color":"FFFFFF","opacity":0.2,"rgba":"255, 255, 255, 0.2"},{"name":"night","color":"303030","opacity":1,"rgba":"48, 48, 48, 1"}]},{"cname":"FC142","cnum":"CAM_X1117","cclass":"彩色文字","cmeaning":"浅红色（无症状）","cline":"FEED","mods":[{"name":"default","color":"E86D48","opacity":1,"rgba":"232, 109, 72, 1"},{"name":"dark","color":"E86D48","opacity":1,"rgba":"232, 109, 72, 1"},{"name":"night","color":"873117","opacity":1,"rgba":"135, 49, 23, 1"}]},{"cname":"FC143","cnum":"CAM_X1118","cclass":"彩色文字","cmeaning":"灰紫色（现有重症）","cline":"FEED","mods":[{"name":"default","color":"545499","opacity":1,"rgba":"84, 84, 153, 1"},{"name":"dark","color":"545499","opacity":1,"rgba":"84, 84, 153, 1"},{"name":"night","color":"26265A","opacity":1,"rgba":"38, 38, 90, 1"}]},{"cname":"FC144","cnum":"CAM_X1119","cclass":"彩色文字","cmeaning":"浅黄色（现有疑似）","cline":"FEED","mods":[{"name":"default","color":"EC9217","opacity":1,"rgba":"236, 146, 23, 1"},{"name":"dark","color":"EC9217","opacity":1,"rgba":"236, 146, 23, 1"},{"name":"night","color":"874517","opacity":1,"rgba":"135, 69, 23, 1"}]},{"cname":"FC145","cnum":"CAM_X1120","cclass":"彩色文字","cmeaning":"浅蓝色（境外输入）","cline":"FEED","mods":[{"name":"default","color":"476DA0","opacity":1,"rgba":"71, 109, 160, 1"},{"name":"dark","color":"476DA0","opacity":1,"rgba":"71, 109, 160, 1"},{"name":"night","color":"252577","opacity":1,"rgba":"37, 37, 119, 1"}]},{"cname":"FC146","cnum":"CAM_X1122","cclass":"彩色文字","cmeaning":"绿色","cline":"FEED","mods":[{"name":"default","color":"00A55A","opacity":1,"rgba":"0, 165, 90, 1"},{"name":"dark","color":"00A55A","opacity":1,"rgba":"0, 165, 90, 1"},{"name":"night","color":"00522D","opacity":1,"rgba":"0, 82, 45, 1"}]},{"cname":"FC147","cnum":"CAM_X1161","cclass":"灰色tag","cmeaning":"灰色tab选中 疫情频道","cline":"FEED","mods":[{"name":"default","color":"FAFAFA","opacity":1,"rgba":"250, 250, 250, 1"},{"name":"dark","color":"1B1B1B","opacity":1,"rgba":"27, 27, 27, 1"},{"name":"night","color":"121212","opacity":1,"rgba":"18, 18, 18, 1"}]},{"cname":"FC148","cnum":"CAM_X1158","cclass":"操作按钮","cmeaning":"TTS-模版中按钮播报按钮描边","cline":"FEED","mods":[{"name":"default","color":"1F1F1F","opacity":0.5,"rgba":"31, 31, 31, 0.5"},{"name":"dark","color":"1F1F1F","opacity":0,"rgba":"31, 31, 31, 0"},{"name":"night","color":"1F1F1F","opacity":0,"rgba":"31, 31, 31, 0"}]},{"cname":"FC149","cnum":"CAM_X1163","cclass":"操作按钮","cmeaning":"TTS-模版中按钮暂停按钮描边","cline":"FEED","mods":[{"name":"default","color":"4E6EF2","opacity":0.5,"rgba":"78, 110, 242, 0.5"},{"name":"dark","color":"1F1F1F","opacity":0,"rgba":"31, 31, 31, 0"},{"name":"night","color":"263678","opacity":1,"rgba":"38, 54, 120, 1"}]},{"cname":"FC15","cnum":"CAM_X793","cclass":"操作类文字","cmeaning":"频道标题区操作文本（e.g.更多）","cline":"FEED","mods":[{"name":"default","color":"858585","opacity":1,"rgba":"133, 133, 133, 1"},{"name":"dark","color":"FFFFFF","opacity":0.5,"rgba":"255, 255, 255, 0.5"},{"name":"night","color":"444444","opacity":1,"rgba":"68, 68, 68, 1"}]},{"cname":"FC150","cnum":"CAM_X1173","cclass":"操作按钮","cmeaning":"频道刷新按钮背景色","cline":"FEED","mods":[{"name":"default","color":"FFFFFF","opacity":0.9,"rgba":"255, 255, 255, 0.9"},{"name":"dark","color":"1F1F1F","opacity":1,"rgba":"31, 31, 31, 1"},{"name":"night","color":"666666","opacity":1,"rgba":"102, 102, 102, 1"}]},{"cname":"FC151","cnum":"CAM_X1174","cclass":"操作按钮","cmeaning":"频道刷新按钮背描边","cline":"FEED","mods":[{"name":"default","color":"FFFFFF","opacity":0,"rgba":"255, 255, 255, 0"},{"name":"dark","color":"FFFFFF","opacity":0.3,"rgba":"255, 255, 255, 0.3"},{"name":"night","color":"666666","opacity":0,"rgba":"102, 102, 102, 0"}]},{"cname":"FC152","cnum":"CAM_X1175","cclass":"背景色","cmeaning":"频道顶部个性化迁移引导条背景色","cline":"FEED","mods":[{"name":"default","color":"F6F8FE","opacity":1,"rgba":"246, 248, 254, 1"},{"name":"dark","color":"1C264E","opacity":1,"rgba":"28, 38, 78, 1"},{"name":"night","color":"333333","opacity":1,"rgba":"51, 51, 51, 1"}]},{"cname":"FC153","cnum":"CAM_X1184","cclass":"操作按钮","cmeaning":"灰色底色上的二级tab未选中底色","cline":"FEED","mods":[{"name":"default","color":"EEEEEE","opacity":1,"rgba":"238, 238, 238, 1"},{"name":"dark","color":"222222","opacity":1,"rgba":"34, 34, 34, 1"},{"name":"night","color":"222222","opacity":1,"rgba":"34, 34, 34, 1"}]},{"cname":"FC154","cnum":"CAM_X744","cclass":"关注频道用色","cmeaning":"发布器异步上传按钮背景色","cline":"FEED","mods":[{"name":"default","color":"F5F5F5","opacity":1,"rgba":"245, 245, 245, 1"},{"name":"dark","color":"222222","opacity":1,"rgba":"34, 34, 34, 1"},{"name":"night","color":"333333","opacity":1,"rgba":"51, 51, 51, 1"}]},{"cname":"FC155","cnum":"CAM_X846","cclass":"关注频道用色","cmeaning":"发布器异步上传蓝色弱按钮背景色","cline":"FEED","mods":[{"name":"default","color":"4E6EF2","opacity":0.1,"rgba":"78, 110, 242, 0.1"},{"name":"dark","color":"4E6EF2","opacity":0.3,"rgba":"78, 110, 242, 0.3"},{"name":"night","color":"4E6EF2","opacity":0.1,"rgba":"78, 110, 242, 0.1"}]},{"cname":"FC16","cnum":"CAM_X897","cclass":"操作按钮","cmeaning":"黑色线框按钮描边","cline":"FEED","mods":[{"name":"default","color":"B8B8B8","opacity":1,"rgba":"184, 184, 184, 1"},{"name":"dark","color":"BBBBBB","opacity":0,"rgba":"187, 187, 187, 0"},{"name":"night","color":"656565","opacity":1,"rgba":"101, 101, 101, 1"}]},{"cname":"FC17","cnum":"CAM_X626","cclass":"彩色文字","cmeaning":"蓝色文字，标签文字","cline":"FEED","mods":[{"name":"default","color":"4E6EF2","opacity":1,"rgba":"78, 110, 242, 1"},{"name":"dark","color":"4E6EF2","opacity":1,"rgba":"78, 110, 242, 1"},{"name":"night","color":"263678","opacity":1,"rgba":"38, 54, 120, 1"}]},{"cname":"FC18","cnum":"CAM_X360","cclass":"描边","cmeaning":"叠加情况下头像描边","cline":"FEED","mods":[{"name":"default","color":"FFFFFF","opacity":1,"rgba":"255, 255, 255, 1"},{"name":"dark","color":"FFFFFF","opacity":0.2,"rgba":"255, 255, 255, 0.2"},{"name":"night","color":"191919","opacity":1,"rgba":"25, 25, 25, 1"}]},{"cname":"FC19","cnum":"CAM_X361","cclass":"描边","cmeaning":"图片描边","cline":"FEED","mods":[{"name":"default","color":"000000","opacity":0.05,"rgba":"0, 0, 0, 0.05"},{"name":"dark","color":"FFFFFF","opacity":0.1,"rgba":"255, 255, 255, 0.1"},{"name":"night","color":"666666","opacity":0.05,"rgba":"102, 102, 102, 0.05"}]},{"cname":"FC2","cnum":"CAM_X793","cclass":"辅助类文字","cmeaning":"列表页辅助信息字色","cline":"FEED","mods":[{"name":"default","color":"858585","opacity":1,"rgba":"133, 133, 133, 1"},{"name":"dark","color":"FFFFFF","opacity":0.5,"rgba":"255, 255, 255, 0.5"},{"name":"night","color":"444444","opacity":1,"rgba":"68, 68, 68, 1"}]},{"cname":"FC20","cnum":"CAM_X363","cclass":"分隔线","cmeaning":"粗分隔线色值","cline":"FEED","mods":[{"name":"default","color":"F5F5F5","opacity":1,"rgba":"245, 245, 245, 1"},{"name":"dark","color":"444444","opacity":0.2,"rgba":"68, 68, 68, 0.2"},{"name":"night","color":"121212","opacity":1,"rgba":"18, 18, 18, 1"}]},{"cname":"FC21","cnum":"CAM_X417","cclass":"分隔线","cmeaning":"列表页分隔线","cline":"FEED","mods":[{"name":"default","color":"EEEEEE","opacity":1,"rgba":"238, 238, 238, 1"},{"name":"dark","color":"666666","opacity":0.4,"rgba":"102, 102, 102, 0.4"},{"name":"night","color":"303030","opacity":1,"rgba":"48, 48, 48, 1"}]},{"cname":"FC22","cnum":"CAM_X618","cclass":"彩色文字","cmeaning":"红色文字色，用于飘新（通用强调）","cline":"FEED","mods":[{"name":"default","color":"FF3333","opacity":1,"rgba":"255, 51, 51, 1"},{"name":"dark","color":"FF3333","opacity":1,"rgba":"255, 51, 51, 1"},{"name":"night","color":"7F1919","opacity":1,"rgba":"127, 25, 25, 1"}]},{"cname":"FC23","cnum":"CAM_X618","cclass":"彩色文字","cmeaning":"红色文字，用于点赞","cline":"FEED","mods":[{"name":"default","color":"FF3333","opacity":1,"rgba":"255, 51, 51, 1"},{"name":"dark","color":"FF3333","opacity":1,"rgba":"255, 51, 51, 1"},{"name":"night","color":"7F1919","opacity":1,"rgba":"127, 25, 25, 1"}]},{"cname":"FC24","cnum":"CAM_X618","cclass":"彩色文字","cmeaning":"红色文字，用于标签，投票","cline":"FEED","mods":[{"name":"default","color":"FF3333","opacity":1,"rgba":"255, 51, 51, 1"},{"name":"dark","color":"FF3333","opacity":1,"rgba":"255, 51, 51, 1"},{"name":"night","color":"7F1919","opacity":1,"rgba":"127, 25, 25, 1"}]},{"cname":"FC25","cnum":"CAM_X370","cclass":"彩色文字","cmeaning":"橘色文字色，用于评分，价格","cline":"FEED","mods":[{"name":"default","color":"FF6600","opacity":1,"rgba":"255, 102, 0, 1"},{"name":"dark","color":"FF6600","opacity":1,"rgba":"255, 102, 0, 1"},{"name":"night","color":"803300","opacity":1,"rgba":"128, 51, 0, 1"}]},{"cname":"FC26","cnum":"CAM_X884","cclass":"标题类文字","cmeaning":"模版名称字色","cline":"FEED","mods":[{"name":"default","color":"1F1F1F","opacity":1,"rgba":"31, 31, 31, 1"},{"name":"dark","color":"FFFFFF","opacity":1,"rgba":"255, 255, 255, 1"},{"name":"night","color":"666666","opacity":1,"rgba":"102, 102, 102, 1"}]},{"cname":"FC27","cnum":"CAM_X892","cclass":"特殊专用色","cmeaning":"落地页弹幕背景色（用户自己发的）","cline":"FEED","mods":[{"name":"default","color":"EAF0FF","opacity":1,"rgba":"234, 240, 255, 1"},{"name":"dark","color":"4E6EF2","opacity":0.3,"rgba":"78, 110, 242, 0.3"},{"name":"night","color":"757880","opacity":1,"rgba":"117, 120, 128, 1"}]},{"cname":"FC28","cnum":"CAM_X373","cclass":"特殊专用色","cmeaning":"问答频道姜黄色","cline":"FEED","mods":[{"name":"default","color":"F5F5F5","opacity":1,"rgba":"245, 245, 245, 1"},{"name":"dark","color":"F19329","opacity":1,"rgba":"241, 147, 41, 1"},{"name":"night","color":"121212","opacity":1,"rgba":"18, 18, 18, 1"}]},{"cname":"FC29","cnum":"CAM_X888","cclass":"feedtab和频道管理","cmeaning":"频道tab字色（feedtab）","cline":"FEED","mods":[{"name":"default","color":"525252","opacity":1,"rgba":"82, 82, 82, 1"},{"name":"dark","color":"FFFFFF","opacity":0.7,"rgba":"255, 255, 255, 0.7"},{"name":"night","color":"555555","opacity":1,"rgba":"85, 85, 85, 1"}]},{"cname":"FC3","cnum":"CAM_X884","cclass":"标题类文字","cmeaning":"落地页标题字色","cline":"FEED","mods":[{"name":"default","color":"1F1F1F","opacity":1,"rgba":"31, 31, 31, 1"},{"name":"dark","color":"FFFFFF","opacity":1,"rgba":"255, 255, 255, 1"},{"name":"night","color":"666666","opacity":1,"rgba":"102, 102, 102, 1"}]},{"cname":"FC30","cnum":"CAM_X884","cclass":"feedtab和频道管理","cmeaning":"频道tab选中字色（feedtab）","cline":"FEED","mods":[{"name":"default","color":"1F1F1F","opacity":1,"rgba":"31, 31, 31, 1"},{"name":"dark","color":"FFFFFF","opacity":1,"rgba":"255, 255, 255, 1"},{"name":"night","color":"666666","opacity":1,"rgba":"102, 102, 102, 1"}]},{"cname":"FC31","cnum":"CAM_X893","cclass":"操作按钮","cmeaning":"TTS-播报状态-蓝色关注按钮背景","cline":"FEED","mods":[{"name":"default","color":"4E6EF2","opacity":0,"rgba":"78, 110, 242, 0"},{"name":"dark","color":"4E6EF2","opacity":0.3,"rgba":"78, 110, 242, 0.3"},{"name":"night","color":"263678","opacity":0,"rgba":"38, 54, 120, 0"}]},{"cname":"FC32","cnum":"CAM_X894","cclass":"操作按钮","cmeaning":"TTS-播报状态-蓝色关注按钮描边","cline":"FEED","mods":[{"name":"default","color":"4E6EF2","opacity":1,"rgba":"78, 110, 242, 1"},{"name":"dark","color":"000000","opacity":0,"rgba":"0, 0, 0, 0"},{"name":"night","color":"263678","opacity":1,"rgba":"38, 54, 120, 1"}]},{"cname":"FC33","cnum":"CAM_X925","cclass":"操作按钮","cmeaning":"黑色线框按钮背景","cline":"FEED","mods":[{"name":"default","color":"525252","opacity":0,"rgba":"82, 82, 82, 0"},{"name":"dark","color":"666666","opacity":0.4,"rgba":"102, 102, 102, 0.4"},{"name":"night","color":"555555","opacity":0,"rgba":"85, 85, 85, 0"}]},{"cname":"FC34","cnum":"CAM_X899","cclass":"操作按钮","cmeaning":"红色线框按钮文字","cline":"FEED","mods":[{"name":"default","color":"FF3333","opacity":1,"rgba":"255, 51, 51, 1"},{"name":"dark","color":"FF3333","opacity":1,"rgba":"255, 51, 51, 1"},{"name":"night","color":"781F1F","opacity":1,"rgba":"120, 31, 31, 1"}]},{"cname":"FC35","cnum":"CAM_X900","cclass":"操作按钮","cmeaning":"红色线框按钮描边","cline":"FEED","mods":[{"name":"default","color":"FF3333","opacity":0.5,"rgba":"255, 51, 51, 0.5"},{"name":"dark","color":"FF3333","opacity":0,"rgba":"255, 51, 51, 0"},{"name":"night","color":"781F1F","opacity":1,"rgba":"120, 31, 31, 1"}]},{"cname":"FC36","cnum":"CAM_X901","cclass":"操作按钮","cmeaning":"红色线框按钮背景","cline":"FEED","mods":[{"name":"default","color":"FF3333","opacity":0,"rgba":"255, 51, 51, 0"},{"name":"dark","color":"FF3333","opacity":0.3,"rgba":"255, 51, 51, 0.3"},{"name":"night","color":"781F1F","opacity":0,"rgba":"120, 31, 31, 0"}]},{"cname":"FC37","cnum":"CAM_X352","cclass":"辅助类文字","cmeaning":"列表页辅助信息字色（图上）","cline":"FEED","mods":[{"name":"default","color":"FFFFFF","opacity":1,"rgba":"255, 255, 255, 1"},{"name":"dark","color":"FFFFFF","opacity":1,"rgba":"255, 255, 255, 1"},{"name":"night","color":"666666","opacity":1,"rgba":"102, 102, 102, 1"}]},{"cname":"FC38","cnum":"CAM_X352","cclass":"辅助类文字","cmeaning":"资源类型胶囊内文字色","cline":"FEED","mods":[{"name":"default","color":"FFFFFF","opacity":1,"rgba":"255, 255, 255, 1"},{"name":"dark","color":"FFFFFF","opacity":1,"rgba":"255, 255, 255, 1"},{"name":"night","color":"666666","opacity":1,"rgba":"102, 102, 102, 1"}]},{"cname":"FC39","cnum":"CAM_X819","cclass":"feedtab和频道管理","cmeaning":"频道tab滑条颜色（feedtab）","cline":"FEED","mods":[{"name":"default","color":"4E6EF2","opacity":1,"rgba":"78, 110, 242, 1"},{"name":"dark","color":"4E6EF2","opacity":1,"rgba":"78, 110, 242, 1"},{"name":"night","color":"666666","opacity":1,"rgba":"102, 102, 102, 1"}]},{"cname":"FC4","cnum":"CAM_X885","cclass":"标题类文字","cmeaning":"已读字段","cline":"FEED","mods":[{"name":"default","color":"858585","opacity":1,"rgba":"133, 133, 133, 1"},{"name":"dark","color":"FFFFFF","opacity":0.6,"rgba":"255, 255, 255, 0.6"},{"name":"night","color":"444444","opacity":1,"rgba":"68, 68, 68, 1"}]},{"cname":"FC40","cnum":"CAM_X417","cclass":"feedtab和频道管理","cmeaning":"频道tab竖分隔线","cline":"FEED","mods":[{"name":"default","color":"EEEEEE","opacity":1,"rgba":"238, 238, 238, 1"},{"name":"dark","color":"666666","opacity":0.4,"rgba":"102, 102, 102, 0.4"},{"name":"night","color":"303030","opacity":1,"rgba":"48, 48, 48, 1"}]},{"cname":"FC41","cnum":"CAM_X791","cclass":"feedtab和频道管理","cmeaning":"当前频道字色","cline":"FEED","mods":[{"name":"default","color":"1F1F1F","opacity":1,"rgba":"31, 31, 31, 1"},{"name":"dark","color":"FFFFFF","opacity":0.8,"rgba":"255, 255, 255, 0.8"},{"name":"night","color":"666666","opacity":1,"rgba":"102, 102, 102, 1"}]},{"cname":"FC42","cnum":"CAM_X888","cclass":"feedtab和频道管理","cmeaning":"通用频道字色","cline":"FEED","mods":[{"name":"default","color":"525252","opacity":1,"rgba":"82, 82, 82, 1"},{"name":"dark","color":"FFFFFF","opacity":0.7,"rgba":"255, 255, 255, 0.7"},{"name":"night","color":"555555","opacity":1,"rgba":"85, 85, 85, 1"}]},{"cname":"FC43","cnum":"CAM_X356","cclass":"feedtab和频道管理","cmeaning":"编辑态，不可编辑态字色","cline":"FEED","mods":[{"name":"default","color":"CCCCCC","opacity":1,"rgba":"204, 204, 204, 1"},{"name":"dark","color":"FFFFFF","opacity":0.2,"rgba":"255, 255, 255, 0.2"},{"name":"night","color":"333333","opacity":1,"rgba":"51, 51, 51, 1"}]},{"cname":"FC44","cnum":"CAM_X387","cclass":"标签用色","cmeaning":"一级标签-黑色-文字","cline":"FEED","mods":[{"name":"default","color":"FFFFFF","opacity":1,"rgba":"255, 255, 255, 1"},{"name":"dark","color":"000000","opacity":1,"rgba":"0, 0, 0, 1"},{"name":"night","color":"191919","opacity":1,"rgba":"25, 25, 25, 1"}]},{"cname":"FC45","cnum":"CAM_X791","cclass":"标签用色","cmeaning":"一级标签-黑色-背景","cline":"FEED","mods":[{"name":"default","color":"1F1F1F","opacity":1,"rgba":"31, 31, 31, 1"},{"name":"dark","color":"FFFFFF","opacity":0.8,"rgba":"255, 255, 255, 0.8"},{"name":"night","color":"666666","opacity":1,"rgba":"102, 102, 102, 1"}]},{"cname":"FC46","cnum":"CAM_X780","cclass":"标签用色","cmeaning":"一级标签-红色-文字","cline":"FEED","mods":[{"name":"default","color":"FFFFFF","opacity":1,"rgba":"255, 255, 255, 1"},{"name":"dark","color":"FFFFFF","opacity":1,"rgba":"255, 255, 255, 1"},{"name":"night","color":"7F7F7F","opacity":1,"rgba":"127, 127, 127, 1"}]},{"cname":"FC47","cnum":"CAM_X618","cclass":"标签用色","cmeaning":"一级标签-红色-背景","cline":"FEED","mods":[{"name":"default","color":"FF3333","opacity":1,"rgba":"255, 51, 51, 1"},{"name":"dark","color":"FF3333","opacity":1,"rgba":"255, 51, 51, 1"},{"name":"night","color":"7F1919","opacity":1,"rgba":"127, 25, 25, 1"}]},{"cname":"FC48","cnum":"CAM_X791","cclass":"标签用色","cmeaning":"二级标签-黑色-文字","cline":"FEED","mods":[{"name":"default","color":"1F1F1F","opacity":1,"rgba":"31, 31, 31, 1"},{"name":"dark","color":"FFFFFF","opacity":0.8,"rgba":"255, 255, 255, 0.8"},{"name":"night","color":"666666","opacity":1,"rgba":"102, 102, 102, 1"}]},{"cname":"FC49","cnum":"CAM_X910","cclass":"标签用色","cmeaning":"二级标签-黑色-描边","cline":"FEED","mods":[{"name":"default","color":"1F1F1F","opacity":0.5,"rgba":"31, 31, 31, 0.5"},{"name":"dark","color":"FFFFFF","opacity":0.5,"rgba":"255, 255, 255, 0.5"},{"name":"night","color":"666666","opacity":1,"rgba":"102, 102, 102, 1"}]},{"cname":"FC5","cnum":"CAM_X793","cclass":"辅助类文字","cmeaning":"列表页标题后方注释文字","cline":"FEED","mods":[{"name":"default","color":"858585","opacity":1,"rgba":"133, 133, 133, 1"},{"name":"dark","color":"FFFFFF","opacity":0.5,"rgba":"255, 255, 255, 0.5"},{"name":"night","color":"444444","opacity":1,"rgba":"68, 68, 68, 1"}]},{"cname":"FC50","cnum":"CAM_X911","cclass":"标签用色","cmeaning":"二级标签-黑色-背景","cline":"FEED","mods":[{"name":"default","color":"1F1F1F","opacity":0,"rgba":"31, 31, 31, 0"},{"name":"dark","color":"000000","opacity":0,"rgba":"0, 0, 0, 0"},{"name":"night","color":"000000","opacity":0,"rgba":"0, 0, 0, 0"}]},{"cname":"FC51","cnum":"CAM_X899","cclass":"标签用色","cmeaning":"二级标签-红色-文字","cline":"FEED","mods":[{"name":"default","color":"FF3333","opacity":1,"rgba":"255, 51, 51, 1"},{"name":"dark","color":"FF3333","opacity":1,"rgba":"255, 51, 51, 1"},{"name":"night","color":"781F1F","opacity":1,"rgba":"120, 31, 31, 1"}]},{"cname":"FC52","cnum":"CAM_X912","cclass":"标签用色","cmeaning":"二级标签-红色-描边","cline":"FEED","mods":[{"name":"default","color":"FF3333","opacity":0.5,"rgba":"255, 51, 51, 0.5"},{"name":"dark","color":"FF3333","opacity":1,"rgba":"255, 51, 51, 1"},{"name":"night","color":"781F1F","opacity":1,"rgba":"120, 31, 31, 1"}]},{"cname":"FC53","cnum":"CAM_X911","cclass":"标签用色","cmeaning":"二级标签-红色-背景","cline":"FEED","mods":[{"name":"default","color":"1F1F1F","opacity":0,"rgba":"31, 31, 31, 0"},{"name":"dark","color":"000000","opacity":0,"rgba":"0, 0, 0, 0"},{"name":"night","color":"000000","opacity":0,"rgba":"0, 0, 0, 0"}]},{"cname":"FC54","cnum":"CAM_X899","cclass":"标签用色","cmeaning":"二级标签-图上红色-文字","cline":"FEED","mods":[{"name":"default","color":"FF3333","opacity":1,"rgba":"255, 51, 51, 1"},{"name":"dark","color":"FF3333","opacity":1,"rgba":"255, 51, 51, 1"},{"name":"night","color":"781F1F","opacity":1,"rgba":"120, 31, 31, 1"}]},{"cname":"FC55","cnum":"CAM_X899","cclass":"标签用色","cmeaning":"二级标签-图上红色-描边","cline":"FEED","mods":[{"name":"default","color":"FF3333","opacity":1,"rgba":"255, 51, 51, 1"},{"name":"dark","color":"FF3333","opacity":1,"rgba":"255, 51, 51, 1"},{"name":"night","color":"781F1F","opacity":1,"rgba":"120, 31, 31, 1"}]},{"cname":"FC56","cnum":"CAM_X913","cclass":"标签用色","cmeaning":"二级标签-图上红色-背景","cline":"FEED","mods":[{"name":"default","color":"1F1F1F","opacity":0.2,"rgba":"31, 31, 31, 0.2"},{"name":"dark","color":"000000","opacity":0.2,"rgba":"0, 0, 0, 0.2"},{"name":"night","color":"000000","opacity":0.2,"rgba":"0, 0, 0, 0.2"}]},{"cname":"FC57","cnum":"CAM_X914","cclass":"标签用色","cmeaning":"二级标签-图上黑色-文字","cline":"FEED","mods":[{"name":"default","color":"FFFFFF","opacity":1,"rgba":"255, 255, 255, 1"},{"name":"dark","color":"FFFFFF","opacity":0.8,"rgba":"255, 255, 255, 0.8"},{"name":"night","color":"FFFFFF","opacity":1,"rgba":"255, 255, 255, 1"}]},{"cname":"FC58","cnum":"CAM_X391","cclass":"标签用色","cmeaning":"二级标签-图上黑色-描边","cline":"FEED","mods":[{"name":"default","color":"FFFFFF","opacity":0.7,"rgba":"255, 255, 255, 0.7"},{"name":"dark","color":"FFFFFF","opacity":0.7,"rgba":"255, 255, 255, 0.7"},{"name":"night","color":"666666","opacity":0.7,"rgba":"102, 102, 102, 0.7"}]},{"cname":"FC59","cnum":"CAM_X913","cclass":"标签用色","cmeaning":"二级标签-图上黑色-背景","cline":"FEED","mods":[{"name":"default","color":"1F1F1F","opacity":0.2,"rgba":"31, 31, 31, 0.2"},{"name":"dark","color":"000000","opacity":0.2,"rgba":"0, 0, 0, 0.2"},{"name":"night","color":"000000","opacity":0.2,"rgba":"0, 0, 0, 0.2"}]},{"cname":"FC6","cnum":"CAM_X352","cclass":"标题类文字","cmeaning":"图片上标题字色","cline":"FEED","mods":[{"name":"default","color":"FFFFFF","opacity":1,"rgba":"255, 255, 255, 1"},{"name":"dark","color":"FFFFFF","opacity":1,"rgba":"255, 255, 255, 1"},{"name":"night","color":"666666","opacity":1,"rgba":"102, 102, 102, 1"}]},{"cname":"FC60","cnum":"CAM_X417","cclass":"描边","cmeaning":"横滑推荐模式描边","cline":"FEED","mods":[{"name":"default","color":"EEEEEE","opacity":1,"rgba":"238, 238, 238, 1"},{"name":"dark","color":"666666","opacity":0.4,"rgba":"102, 102, 102, 0.4"},{"name":"night","color":"303030","opacity":1,"rgba":"48, 48, 48, 1"}]},{"cname":"FC61","cnum":"CAM_X904","cclass":"操作按钮","cmeaning":"点赞按钮（已点赞）描边","cline":"FEED","mods":[{"name":"default","color":"FF3333","opacity":1,"rgba":"255, 51, 51, 1"},{"name":"dark","color":"FF3333","opacity":1,"rgba":"255, 51, 51, 1"},{"name":"night","color":"801919","opacity":1,"rgba":"128, 25, 25, 1"}]},{"cname":"FC62","cnum":"CAM_X905","cclass":"操作按钮","cmeaning":"点赞按（已点赞）背景色","cline":"FEED","mods":[{"name":"default","color":"FF3333","opacity":0,"rgba":"255, 51, 51, 0"},{"name":"dark","color":"FF3333","opacity":0.3,"rgba":"255, 51, 51, 0.3"},{"name":"night","color":"801919","opacity":0,"rgba":"128, 25, 25, 0"}]},{"cname":"FC63","cnum":"CAM_X392","cclass":"下拉刷新控件","cmeaning":"下拉刷新背景色","cline":"FEED","mods":[{"name":"default","color":"FFFFFF","opacity":1,"rgba":"255, 255, 255, 1"},{"name":"dark","color":"080808","opacity":1,"rgba":"8, 8, 8, 1"},{"name":"night","color":"191919","opacity":1,"rgba":"25, 25, 25, 1"}]},{"cname":"FC64","cnum":"CAM_X393","cclass":"下拉刷新控件","cmeaning":"下拉刷新动效组件","cline":"FEED","mods":[{"name":"default","color":"2A2A31","opacity":1,"rgba":"42, 42, 49, 1"},{"name":"dark","color":"676778","opacity":1,"rgba":"103, 103, 120, 1"},{"name":"night","color":"555555","opacity":1,"rgba":"85, 85, 85, 1"}]},{"cname":"FC65","cnum":"CAM_X394","cclass":"下拉刷新控件","cmeaning":"刷新完成后气泡背景","cline":"FEED","mods":[{"name":"default","color":"F8F8F8","opacity":1,"rgba":"248, 248, 248, 1"},{"name":"dark","color":"222222","opacity":1,"rgba":"34, 34, 34, 1"},{"name":"night","color":"333333","opacity":1,"rgba":"51, 51, 51, 1"}]},{"cname":"FC66","cnum":"CAM_X791","cclass":"下拉刷新控件","cmeaning":"刷新完成后气泡内文字","cline":"FEED","mods":[{"name":"default","color":"1F1F1F","opacity":1,"rgba":"31, 31, 31, 1"},{"name":"dark","color":"FFFFFF","opacity":0.8,"rgba":"255, 255, 255, 0.8"},{"name":"night","color":"666666","opacity":1,"rgba":"102, 102, 102, 1"}]},{"cname":"FC67","cnum":"CAM_X417","cclass":"分隔线","cmeaning":"弹窗内强细分割线","cline":"FEED","mods":[{"name":"default","color":"EEEEEE","opacity":1,"rgba":"238, 238, 238, 1"},{"name":"dark","color":"666666","opacity":0.4,"rgba":"102, 102, 102, 0.4"},{"name":"night","color":"303030","opacity":1,"rgba":"48, 48, 48, 1"}]},{"cname":"FC68","cnum":"CAM_X386","cclass":"操作按钮","cmeaning":"灰色背景上（f5f5f5）的按钮背景","cline":"FEED","mods":[{"name":"default","color":"F5F5F5","opacity":1,"rgba":"245, 245, 245, 1"},{"name":"dark","color":"444444","opacity":0.5,"rgba":"68, 68, 68, 0.5"},{"name":"night","color":"121212","opacity":1,"rgba":"18, 18, 18, 1"}]},{"cname":"FC69","cnum":"CAM_X898","cclass":"操作按钮","cmeaning":"强化黑色线框按钮描边","cline":"FEED","mods":[{"name":"default","color":"525252","opacity":1,"rgba":"82, 82, 82, 1"},{"name":"dark","color":"666666","opacity":0,"rgba":"102, 102, 102, 0"},{"name":"night","color":"555555","opacity":1,"rgba":"85, 85, 85, 1"}]},{"cname":"FC7","cnum":"CAM_X793","cclass":"辅助类文字","cmeaning":"摘要信息文字","cline":"FEED","mods":[{"name":"default","color":"858585","opacity":1,"rgba":"133, 133, 133, 1"},{"name":"dark","color":"FFFFFF","opacity":0.5,"rgba":"255, 255, 255, 0.5"},{"name":"night","color":"444444","opacity":1,"rgba":"68, 68, 68, 1"}]},{"cname":"FC70","cnum":"CAM_X824","cclass":"操作按钮","cmeaning":"TTS播放器-播放/暂停按钮描边","cline":"FEED","mods":[{"name":"default","color":"E0E0E0","opacity":1,"rgba":"224, 224, 224, 1"},{"name":"dark","color":"000000","opacity":0,"rgba":"0, 0, 0, 0"},{"name":"night","color":"303030","opacity":1,"rgba":"48, 48, 48, 1"}]},{"cname":"FC71","cnum":"CAM_X395","cclass":"背景色","cmeaning":" tab 切换页面内融合操作栏背景色","cline":"FEED","mods":[{"name":"default","color":"FFFFFF","opacity":1,"rgba":"255, 255, 255, 1"},{"name":"dark","color":"161616","opacity":1,"rgba":"22, 22, 22, 1"},{"name":"night","color":"121212","opacity":1,"rgba":"18, 18, 18, 1"}]},{"cname":"FC72","cnum":"CAM_X372","cclass":"特殊专用色","cmeaning":"付费频道活动衬底背景色","cline":"FEED","mods":[{"name":"default","color":"FF6600","opacity":0.1,"rgba":"255, 102, 0, 0.1"},{"name":"dark","color":"FF6600","opacity":0.15,"rgba":"255, 102, 0, 0.15"},{"name":"night","color":"FF6600","opacity":0.1,"rgba":"255, 102, 0, 0.1"}]},{"cname":"FC73","cnum":"CAM_X396","cclass":"背景色","cmeaning":"付费优惠券浮层背景","cline":"FEED","mods":[{"name":"default","color":"FFF3EB","opacity":1,"rgba":"255, 243, 235, 1"},{"name":"dark","color":"1B0F07","opacity":1,"rgba":"27, 15, 7, 1"},{"name":"night","color":"7F7975","opacity":1,"rgba":"127, 121, 117, 1"}]},{"cname":"FC74","cnum":"CAM_X370","cclass":"操作按钮","cmeaning":"橘色线框按钮文字","cline":"FEED","mods":[{"name":"default","color":"FF6600","opacity":1,"rgba":"255, 102, 0, 1"},{"name":"dark","color":"FF6600","opacity":1,"rgba":"255, 102, 0, 1"},{"name":"night","color":"803300","opacity":1,"rgba":"128, 51, 0, 1"}]},{"cname":"FC75","cnum":"CAM_X902","cclass":"操作按钮","cmeaning":"橘色线框按钮描边","cline":"FEED","mods":[{"name":"default","color":"FF6600","opacity":0.5,"rgba":"255, 102, 0, 0.5"},{"name":"dark","color":"FF6600","opacity":0,"rgba":"255, 102, 0, 0"},{"name":"night","color":"803300","opacity":1,"rgba":"128, 51, 0, 1"}]},{"cname":"FC76","cnum":"CAM_X383","cclass":"操作按钮","cmeaning":"橘色线框按钮背景","cline":"FEED","mods":[{"name":"default","color":"FF6600","opacity":0,"rgba":"255, 102, 0, 0"},{"name":"dark","color":"FF6600","opacity":0.3,"rgba":"255, 102, 0, 0.3"},{"name":"night","color":"803300","opacity":0,"rgba":"128, 51, 0, 0"}]},{"cname":"FC77","cnum":"CAM_X888","cclass":"辅助类文字","cmeaning":"标题下方摘要信息文字","cline":"FEED","mods":[{"name":"default","color":"525252","opacity":1,"rgba":"82, 82, 82, 1"},{"name":"dark","color":"FFFFFF","opacity":0.7,"rgba":"255, 255, 255, 0.7"},{"name":"night","color":"555555","opacity":1,"rgba":"85, 85, 85, 1"}]},{"cname":"FC78","cnum":"CAM_X793","cclass":"广告用","cmeaning":"广告标：手百Feed列表，详情页，评论区内文本类广告标","cline":"FEED","mods":[{"name":"default","color":"858585","opacity":1,"rgba":"133, 133, 133, 1"},{"name":"dark","color":"FFFFFF","opacity":0.5,"rgba":"255, 255, 255, 0.5"},{"name":"night","color":"444444","opacity":1,"rgba":"68, 68, 68, 1"}]},{"cname":"FC79","cnum":"CAM_X397","cclass":"广告用","cmeaning":"广告子链背景点击态","cline":"FEED","mods":[{"name":"default","color":"F5F5F5","opacity":0.2,"rgba":"245, 245, 245, 0.2"},{"name":"dark","color":"222222","opacity":0.15,"rgba":"34, 34, 34, 0.15"},{"name":"night","color":"151515","opacity":1,"rgba":"21, 21, 21, 1"}]},{"cname":"FC8","cnum":"CAM_X922","cclass":"正文类文字","cmeaning":"文字链接色","cline":"FEED","mods":[{"name":"default","color":"4367B4","opacity":1,"rgba":"67, 103, 180, 1"},{"name":"dark","color":"75B1FF","opacity":0.75,"rgba":"117, 177, 255, 0.75"},{"name":"night","color":"21335A","opacity":1,"rgba":"33, 51, 90, 1"}]},{"cname":"FC80","cnum":"CAM_X398","cclass":"广告用","cmeaning":"倒计时，数字文本背景","cline":"FEED","mods":[{"name":"default","color":"FFEEE3","opacity":1,"rgba":"255, 238, 227, 1"},{"name":"dark","color":"FFEEE3","opacity":0.1,"rgba":"255, 238, 227, 0.1"},{"name":"night","color":"242323","opacity":1,"rgba":"36, 35, 35, 1"}]},{"cname":"FC81","cnum":"CAM_X915","cclass":"标签用色","cmeaning":"二级标签-图上黑色面底-文字","cline":"FEED","mods":[{"name":"default","color":"1F1F1F","opacity":1,"rgba":"31, 31, 31, 1"},{"name":"dark","color":"FFFFFF","opacity":0.8,"rgba":"255, 255, 255, 0.8"},{"name":"night","color":"191919","opacity":1,"rgba":"25, 25, 25, 1"}]},{"cname":"FC82","cnum":"CAM_X352","cclass":"标签用色","cmeaning":"二级标签-图上黑色面底-背景","cline":"FEED","mods":[{"name":"default","color":"FFFFFF","opacity":1,"rgba":"255, 255, 255, 1"},{"name":"dark","color":"FFFFFF","opacity":1,"rgba":"255, 255, 255, 1"},{"name":"night","color":"666666","opacity":1,"rgba":"102, 102, 102, 1"}]},{"cname":"FC83","cnum":"CAM_X600","cclass":"操作类文字","cmeaning":"dislike","cline":"FEED","mods":[{"name":"default","color":"D2D2D2","opacity":1,"rgba":"210, 210, 210, 1"},{"name":"dark","color":"FFFFFF","opacity":0.3,"rgba":"255, 255, 255, 0.3"},{"name":"night","color":"333333","opacity":1,"rgba":"51, 51, 51, 1"}]},{"cname":"FC84","cnum":"CAM_X603","cclass":"彩色文字","cmeaning":"金赤色（现有确诊）","cline":"FEED","mods":[{"name":"default","color":"FF6A57","opacity":1,"rgba":"255, 106, 87, 1"},{"name":"dark","color":"FF6A57","opacity":1,"rgba":"255, 106, 87, 1"},{"name":"night","color":"7F342B","opacity":1,"rgba":"127, 52, 43, 1"}]},{"cname":"FC85","cnum":"CAM_X604","cclass":"彩色文字","cmeaning":"红赤色（累计确诊）","cline":"FEED","mods":[{"name":"default","color":"E83132","opacity":1,"rgba":"232, 49, 50, 1"},{"name":"dark","color":"E83132","opacity":1,"rgba":"232, 49, 50, 1"},{"name":"night","color":"731818","opacity":1,"rgba":"115, 24, 24, 1"}]},{"cname":"FC86","cnum":"CAM_X605","cclass":"彩色文字","cmeaning":"浅葱色（累计治愈）","cline":"FEED","mods":[{"name":"default","color":"10AEB5","opacity":1,"rgba":"16, 174, 181, 1"},{"name":"dark","color":"10AEB5","opacity":1,"rgba":"16, 174, 181, 1"},{"name":"night","color":"07565A","opacity":1,"rgba":"7, 86, 90, 1"}]},{"cname":"FC87","cnum":"CAM_X606","cclass":"彩色文字","cmeaning":"灰蓝色（累计死亡）","cline":"FEED","mods":[{"name":"default","color":"4D5054","opacity":1,"rgba":"77, 80, 84, 1"},{"name":"dark","color":"4D5054","opacity":1,"rgba":"77, 80, 84, 1"},{"name":"night","color":"262729","opacity":1,"rgba":"38, 39, 41, 1"}]},{"cname":"FC88","cnum":"CAM_X001","cclass":"背景色","cmeaning":"榜单背景","cline":"FEED","mods":[{"name":"default","color":"F5F5F5","opacity":1,"rgba":"245, 245, 245, 1"},{"name":"dark","color":"080808","opacity":1,"rgba":"8, 8, 8, 1"},{"name":"night","color":"121212","opacity":1,"rgba":"18, 18, 18, 1"}]},{"cname":"FC89","cnum":"CAM_X744","cclass":"下拉刷新控件","cmeaning":"刷新完成后气泡背景（新）","cline":"FEED","mods":[{"name":"default","color":"F5F5F5","opacity":1,"rgba":"245, 245, 245, 1"},{"name":"dark","color":"222222","opacity":1,"rgba":"34, 34, 34, 1"},{"name":"night","color":"333333","opacity":1,"rgba":"51, 51, 51, 1"}]},{"cname":"FC9","cnum":"CAM_X791","cclass":"正文类文字","cmeaning":"落地页正文字色","cline":"FEED","mods":[{"name":"default","color":"1F1F1F","opacity":1,"rgba":"31, 31, 31, 1"},{"name":"dark","color":"FFFFFF","opacity":0.8,"rgba":"255, 255, 255, 0.8"},{"name":"night","color":"666666","opacity":1,"rgba":"102, 102, 102, 1"}]},{"cname":"FC90","cnum":"CAM_X885","cclass":"标题类文字","cmeaning":"Feed标题已读色","cline":"FEED","mods":[{"name":"default","color":"858585","opacity":1,"rgba":"133, 133, 133, 1"},{"name":"dark","color":"FFFFFF","opacity":0.6,"rgba":"255, 255, 255, 0.6"},{"name":"night","color":"444444","opacity":1,"rgba":"68, 68, 68, 1"}]},{"cname":"FC91","cnum":"CAM_X780","cclass":"标签用色","cmeaning":"一级标签-灰蓝-直播回放-文字","cline":"FEED","mods":[{"name":"default","color":"FFFFFF","opacity":1,"rgba":"255, 255, 255, 1"},{"name":"dark","color":"FFFFFF","opacity":1,"rgba":"255, 255, 255, 1"},{"name":"night","color":"7F7F7F","opacity":1,"rgba":"127, 127, 127, 1"}]},{"cname":"FC92","cnum":"CAM_X779","cclass":"标签用色","cmeaning":"一级标签-灰蓝-直播回放-背景","cline":"FEED","mods":[{"name":"default","color":"768CAE","opacity":1,"rgba":"118, 140, 174, 1"},{"name":"dark","color":"768CAE","opacity":1,"rgba":"118, 140, 174, 1"},{"name":"night","color":"3A4556","opacity":1,"rgba":"58, 69, 86, 1"}]},{"cname":"FC93","cnum":"CAM_X780","cclass":"标签用色","cmeaning":"一级标签-灰蓝-直播预约-文字","cline":"FEED","mods":[{"name":"default","color":"FFFFFF","opacity":1,"rgba":"255, 255, 255, 1"},{"name":"dark","color":"FFFFFF","opacity":1,"rgba":"255, 255, 255, 1"},{"name":"night","color":"7F7F7F","opacity":1,"rgba":"127, 127, 127, 1"}]},{"cname":"FC94","cnum":"CAM_X626","cclass":"标签用色","cmeaning":"一级标签-灰蓝-直播预约-背景","cline":"FEED","mods":[{"name":"default","color":"4E6EF2","opacity":1,"rgba":"78, 110, 242, 1"},{"name":"dark","color":"4E6EF2","opacity":1,"rgba":"78, 110, 242, 1"},{"name":"night","color":"263678","opacity":1,"rgba":"38, 54, 120, 1"}]},{"cname":"FC95","cnum":"CAM_X791","cclass":"灰色tag","cmeaning":"灰色tag文字色","cline":"FEED","mods":[{"name":"default","color":"1F1F1F","opacity":1,"rgba":"31, 31, 31, 1"},{"name":"dark","color":"FFFFFF","opacity":0.8,"rgba":"255, 255, 255, 0.8"},{"name":"night","color":"666666","opacity":1,"rgba":"102, 102, 102, 1"}]},{"cname":"FC96","cnum":"CAM_X920","cclass":"灰色tag","cmeaning":"灰色tag背景色","cline":"FEED","mods":[{"name":"default","color":"F5F5F5","opacity":1,"rgba":"245, 245, 245, 1"},{"name":"dark","color":"1B1B1B","opacity":1,"rgba":"27, 27, 27, 1"},{"name":"night","color":"121212","opacity":1,"rgba":"18, 18, 18, 1"}]},{"cname":"FC97","cnum":"CAM_X917","cclass":"刷新条","cmeaning":"刷新条点击回头部背景","cline":"FEED","mods":[{"name":"default","color":"4E6EF2","opacity":0.1,"rgba":"78, 110, 242, 0.1"},{"name":"dark","color":"4E6EF2","opacity":0.3,"rgba":"78, 110, 242, 0.3"},{"name":"night","color":"4E6EF2","opacity":0.2,"rgba":"78, 110, 242, 0.2"}]},{"cname":"FC98","cnum":"CAM_X1112","cclass":"刷新条点击回头部文字","cmeaning":"刷新点击回头部文字色","cline":"FEED","mods":[{"name":"default","color":"293A80","opacity":1,"rgba":"41, 58, 128, 1"},{"name":"dark","color":"4063F5","opacity":1,"rgba":"64, 99, 245, 1"},{"name":"night","color":"263678","opacity":1,"rgba":"38, 54, 120, 1"}]},{"cname":"FC99","cnum":"CAM_X887","cclass":"图片副标题字色","cmeaning":"专题卫报模版副标题字色","cline":"FEED","mods":[{"name":"default","color":"FFFFFF","opacity":0.7,"rgba":"255, 255, 255, 0.7"},{"name":"dark","color":"FFFFFF","opacity":0.5,"rgba":"255, 255, 255, 0.5"},{"name":"night","color":"FFFFFF","opacity":0.5,"rgba":"255, 255, 255, 0.5"}]}]}
