{
    "color": [
        {
            "cline": "TIEBA",
            "code": "CAM_X0802",
            "light": {
                "color": "928DA8",
                "alpha": 0.08
            },
            "night": "928DA8,0.0",
            "dark": "928DA8,0.0",
            "rowNumber": 2
        },
        {
            "cline": "TIEBA",
            "code": "CAM_X0803",
            "light": {
                "color": "928DA8",
                "alpha": 0.12
            },
            "night": "928DA8,0.0",
            "dark": "928DA8,0.0",
            "rowNumber": 3
        },
        {
            "cline": "TIEBA",
            "code": "CAM_X0601",
            "light": {
                "color": "000000",
                "alpha": 0
            },
            "night": "000000,0.0",
            "dark": "000000,0.0",
            "rowNumber": 4
        },
        {
            "cline": "TIEBA",
            "code": "CAM_X0602",
            "light": {
                "color": "000000",
                "alpha": 0.08
            },
            "night": "000000,0.08",
            "dark": "000000,0.08",
            "rowNumber": 5
        },
        {
            "cline": "TIEBA",
            "code": "CAM_X0603",
            "light": {
                "color": "000000",
                "alpha": 0.16
            },
            "night": "000000,0.16",
            "dark": "000000,0.16",
            "rowNumber": 6
        },
        {
            "cline": "TIEBA",
            "code": "CAM_X0604",
            "light": {
                "color": "000000",
                "alpha": 0.25
            },
            "night": "000000,0.25",
            "dark": "000000,0.25",
            "rowNumber": 7
        },
        {
            "cline": "TIEBA",
            "code": "CAM_X0605",
            "light": {
                "color": "000000",
                "alpha": 0.33
            },
            "night": "000000,0.33",
            "dark": "000000,0.33",
            "rowNumber": 8
        },
        {
            "cline": "TIEBA",
            "code": "CAM_X0606",
            "light": {
                "color": "000000",
                "alpha": 0.42
            },
            "night": "000000,0.42",
            "dark": "000000,0.42",
            "rowNumber": 9
        },
        {
            "cline": "TIEBA",
            "code": "CAM_X0607",
            "light": {
                "color": "000000",
                "alpha": 0.5
            },
            "night": "000000,0.50",
            "dark": "000000,0.50",
            "rowNumber": 10
        },
        {
            "cline": "TIEBA",
            "code": "CAM_X0608",
            "light": {
                "color": "000000",
                "alpha": 0.66
            },
            "night": "000000,0.66",
            "dark": "000000,0.66",
            "rowNumber": 11
        },
        {
            "cline": "TIEBA",
            "code": "CAM_X0609",
            "light": {
                "color": "000000",
                "alpha": 0.83
            },
            "night": "000000,0.83",
            "dark": "000000,0.83",
            "rowNumber": 12
        },
        {
            "cline": "TIEBA",
            "code": "CAM_X0610",
            "light": {
                "color": "000000",
                "alpha": 0.92
            },
            "night": "000000,0.92",
            "dark": "000000,0.92",
            "rowNumber": 13
        },
        {
            "cline": "TIEBA",
            "code": "CAM_X0611",
            "light": {
                "color": "000000",
                "alpha": null
            },
            "night": "000000",
            "dark": "000000",
            "rowNumber": 14
        }
    ],
    "shadow": [
        {
            "cline": "TIEBA",
            "code": "S_O_X001",
            "ios": {
                "x": 0,
                "y": 2,
                "spread": 0,
                "size": 0
            },
            "android": {
                "x": 0,
                "y": 2,
                "spread": 0,
                "size": 0
            },
            "h5": {
                "x": 0,
                "y": 1,
                "spread": 0,
                "size": 0
            },
            "color": "928DA8",
            "opacity": 0.12,
            "rowNumber": 2
        },
        {
            "cline": "TIEBA",
            "code": "S_O_X002",
            "ios": {
                "x": 0,
                "y": 5,
                "spread": 0,
                "size": 10
            },
            "android": {
                "x": 0,
                "y": 5,
                "spread": 0,
                "size": 10
            },
            "h5": {
                "x": 0,
                "y": 2,
                "spread": 0,
                "size": 4
            },
            "color": "928DA8",
            "opacity": 0.08,
            "rowNumber": 3
        },
        {
            "cline": "TIEBA",
            "code": "S_O_X003",
            "ios": {
                "x": 0,
                "y": 5,
                "spread": 0,
                "size": 16
            },
            "android": {
                "x": 0,
                "y": 5,
                "spread": 0,
                "size": 16
            },
            "h5": {
                "x": 0,
                "y": 2,
                "spread": 0,
                "size": 6
            },
            "color": "928DA8",
            "opacity": 0.12,
            "rowNumber": 4
        },
        {
            "cline": "TIEBA",
            "code": "S_O_X004",
            "ios": {
                "x": 0,
                "y": 5,
                "spread": 0,
                "size": 21
            },
            "android": {
                "x": 0,
                "y": 5,
                "spread": 0,
                "size": 21
            },
            "h5": {
                "x": 0,
                "y": 2,
                "spread": 0,
                "size": 8
            },
            "color": "928DA8",
            "opacity": 0.12,
            "rowNumber": 5
        }
    ],
    "mask": [
        {
            "cline": "TIEBA",
            "code": "Mask_X001",
            "from": {
                "x": 0.5,
                "y": 0
            },
            "to": {
                "x": 0.5,
                "y": 1
            },
            "size": 0,
            "stops": [
                {
                    "color": "000000",
                    "alpha": 0.25,
                    "position": 0
                },
                {
                    "color": "000000",
                    "alpha": 0.25,
                    "position": 0.2
                },
                {
                    "color": "000000",
                    "alpha": 0,
                    "position": 1
                }
            ],
            "rowNumber": 2
        },
        {
            "cline": "TIEBA",
            "code": "Mask_X002",
            "from": {
                "x": 0.5,
                "y": 1
            },
            "to": {
                "x": 0.5,
                "y": 0
            },
            "size": 0,
            "stops": [
                {
                    "color": "000000",
                    "alpha": 0.25,
                    "position": 0
                },
                {
                    "color": "000000",
                    "alpha": 0.25,
                    "position": 0.3
                },
                {
                    "color": "000000",
                    "alpha": 0,
                    "position": 1
                }
            ],
            "rowNumber": 3
        },
        {
            "cline": "TIEBA",
            "code": "Mask_X003",
            "from": {
                "x": 0.5,
                "y": 1
            },
            "to": {
                "x": 0.5,
                "y": 0.5
            },
            "size": 0,
            "stops": [
                {
                    "color": "000000",
                    "alpha": 0,
                    "position": 0
                },
                {
                    "color": "000000",
                    "alpha": 0.5,
                    "position": 1
                }
            ],
            "rowNumber": 4
        },
        {
            "cline": "TIEBA",
            "code": "Mask_X004",
            "from": {
                "x": 0.5,
                "y": 1
            },
            "to": {
                "x": 0.5,
                "y": 0
            },
            "size": 0,
            "stops": [
                {
                    "color": "000000",
                    "alpha": 0.25,
                    "position": 1
                },
                {
                    "color": "000000",
                    "alpha": 0.25,
                    "position": 0
                }
            ],
            "rowNumber": 5
        },
        {
            "cline": "TIEBA",
            "code": "Mask_X005",
            "from": {
                "x": 0.5,
                "y": 1
            },
            "to": {
                "x": 0.5,
                "y": 0
            },
            "size": 0,
            "stops": [
                {
                    "color": "000000",
                    "alpha": 0.33,
                    "position": 1
                },
                {
                    "color": "000000",
                    "alpha": 0.33,
                    "position": 0
                }
            ],
            "rowNumber": 6
        },
        {
            "cline": "TIEBA",
            "code": "Mask_X006",
            "from": {
                "x": 0.5,
                "y": 1
            },
            "to": {
                "x": 0.5,
                "y": 0
            },
            "size": 0,
            "stops": [
                {
                    "color": "000000",
                    "alpha": 0.66,
                    "position": 1
                },
                {
                    "color": "000000",
                    "alpha": 0.66,
                    "position": 0
                }
            ],
            "rowNumber": 7
        },
        {
            "cline": "TIEBA",
            "code": "Mask_X007",
            "from": {
                "x": 0.5,
                "y": 1
            },
            "to": {
                "x": 0.5,
                "y": 0
            },
            "size": 0,
            "stops": [
                {
                    "color": "000000",
                    "alpha": 0.92,
                    "position": 1
                },
                {
                    "color": "000000",
                    "alpha": 0.92,
                    "position": 0
                }
            ],
            "rowNumber": 8
        }
    ],
    "line": [
        {
            "cline": "TIEBA",
            "code": "L_X01",
            "ios": 0.5,
            "android": 1,
            "h5": 0.5,
            "cmeaning": "L_X01",
            "rowNumber": 2
        },
        {
            "cline": "TIEBA",
            "code": "L_X02",
            "ios": 1,
            "android": 2,
            "h5": 1,
            "cmeaning": "L_X02",
            "rowNumber": 3
        },
        {
            "cline": "TIEBA",
            "code": "L_X03",
            "ios": 1.5,
            "android": 4,
            "h5": 1.5,
            "cmeaning": "L_X03",
            "rowNumber": 4
        },
        {
            "cline": "TIEBA",
            "code": "L_X04",
            "ios": 2,
            "android": 5,
            "h5": 2,
            "cmeaning": "L_X04",
            "rowNumber": 5
        },
        {
            "cline": "TIEBA",
            "code": "L_X05",
            "ios": 3,
            "android": 8,
            "h5": 3,
            "cmeaning": "L_X05",
            "rowNumber": 6
        },
        {
            "cline": "TIEBA",
            "code": "L_X06",
            "ios": 6,
            "android": 15,
            "h5": 6,
            "cmeaning": "L_X06",
            "rowNumber": 7
        }
    ],
    "margin": [
        {
            "cline": "TIEBA",
            "code": "M_H_X001",
            "ios": 4,
            "android": 10,
            "h5": 10,
            "pos": 20,
            "elementCode": "T_M_H_X001",
            "cmeaning": 4,
            "desc": 4,
            "dim": [
                "默认"
            ],
            "rowNumber": 2
        },
        {
            "cline": "TIEBA",
            "code": "M_H_X002",
            "ios": 6,
            "android": 16,
            "h5": 16,
            "pos": 20,
            "elementCode": "T_M_H_X002",
            "cmeaning": 6,
            "desc": 6,
            "dim": [
                "默认"
            ],
            "rowNumber": 3
        },
        {
            "cline": "TIEBA",
            "code": "M_H_X003",
            "ios": 8,
            "android": 21,
            "h5": 21,
            "pos": 20,
            "elementCode": "T_M_H_X003",
            "cmeaning": 8,
            "desc": 8,
            "dim": [
                "默认"
            ],
            "rowNumber": 4
        },
        {
            "cline": "TIEBA",
            "code": "M_H_X004",
            "ios": 12,
            "android": 31,
            "h5": 31,
            "pos": 20,
            "elementCode": "T_M_H_X004",
            "cmeaning": 12,
            "desc": 12,
            "dim": [
                "默认"
            ],
            "rowNumber": 5
        },
        {
            "cline": "TIEBA",
            "code": "M_H_X005",
            "ios": 16,
            "android": 42,
            "h5": 42,
            "pos": 20,
            "elementCode": "T_M_H_X005",
            "cmeaning": 16,
            "desc": 16,
            "dim": [
                "默认"
            ],
            "rowNumber": 6
        },
        {
            "cline": "TIEBA",
            "code": "M_H_X006",
            "ios": 18,
            "android": 47,
            "h5": 47,
            "pos": 20,
            "elementCode": "T_M_H_X006",
            "cmeaning": 18,
            "desc": 18,
            "dim": [
                "默认"
            ],
            "rowNumber": 7
        },
        {
            "cline": "TIEBA",
            "code": "M_H_X007",
            "ios": 20,
            "android": 52,
            "h5": 52,
            "pos": 20,
            "elementCode": "T_M_H_X007",
            "cmeaning": 20,
            "desc": 20,
            "dim": [
                "默认"
            ],
            "rowNumber": 8
        },
        {
            "cline": "TIEBA",
            "code": "M_H_X008",
            "ios": 24,
            "android": 62,
            "h5": 62,
            "pos": 20,
            "elementCode": "T_M_H_X008",
            "cmeaning": 24,
            "desc": 24,
            "dim": [
                "默认"
            ],
            "rowNumber": 9
        },
        {
            "cline": "TIEBA",
            "code": "M_H_X009",
            "ios": 28,
            "android": 73,
            "h5": 73,
            "pos": 20,
            "elementCode": "T_M_H_X009",
            "cmeaning": 28,
            "desc": 28,
            "dim": [
                "默认"
            ],
            "rowNumber": 10
        },
        {
            "cline": "TIEBA",
            "code": "M_H_X010",
            "ios": 32,
            "android": 83,
            "h5": 83,
            "pos": 20,
            "elementCode": "T_M_H_X010",
            "cmeaning": 32,
            "desc": 32,
            "dim": [
                "默认"
            ],
            "rowNumber": 11
        },
        {
            "cline": "TIEBA",
            "code": "M_H_X011",
            "ios": 36,
            "android": 94,
            "h5": 94,
            "pos": 20,
            "elementCode": "T_M_H_X011",
            "cmeaning": 36,
            "desc": 36,
            "dim": [
                "默认"
            ],
            "rowNumber": 12
        },
        {
            "cline": "TIEBA",
            "code": "M_H_X012",
            "ios": 40,
            "android": 104,
            "h5": 104,
            "pos": 20,
            "elementCode": "T_M_H_X012",
            "cmeaning": 40,
            "desc": 40,
            "dim": [
                "默认"
            ],
            "rowNumber": 13
        },
        {
            "cline": "TIEBA",
            "code": "M_H_X013",
            "ios": 44,
            "android": 114,
            "h5": 114,
            "pos": 20,
            "elementCode": "T_M_H_X013",
            "cmeaning": 44,
            "desc": 44,
            "dim": [
                "默认"
            ],
            "rowNumber": 14
        },
        {
            "cline": "TIEBA",
            "code": "M_H_X014",
            "ios": 48,
            "android": 125,
            "h5": 125,
            "pos": 20,
            "elementCode": "T_M_H_X014",
            "cmeaning": 48,
            "desc": 48,
            "dim": [
                "默认"
            ],
            "rowNumber": 15
        },
        {
            "cline": "TIEBA",
            "code": "M_H_X015",
            "ios": 52,
            "android": 135,
            "h5": 135,
            "pos": 20,
            "elementCode": "T_M_H_X015",
            "cmeaning": 52,
            "desc": 52,
            "dim": [
                "默认"
            ],
            "rowNumber": 16
        },
        {
            "cline": "TIEBA",
            "code": "M_H_X016",
            "ios": 56,
            "android": 146,
            "h5": 146,
            "pos": 20,
            "elementCode": "T_M_H_X016",
            "cmeaning": 56,
            "desc": 56,
            "dim": [
                "默认"
            ],
            "rowNumber": 17
        },
        {
            "cline": "TIEBA",
            "code": "M_H_X017",
            "ios": 60,
            "android": 156,
            "h5": 156,
            "pos": 20,
            "elementCode": "T_M_H_X017",
            "cmeaning": 60,
            "desc": 60,
            "dim": [
                "默认"
            ],
            "rowNumber": 18
        },
        {
            "cline": "TIEBA",
            "code": "M_W_X001",
            "ios": 2,
            "android": 5,
            "h5": 5,
            "pos": 31,
            "elementCode": "T_M_W_X001",
            "cmeaning": 2,
            "desc": 2,
            "dim": [
                "默认"
            ],
            "rowNumber": 19
        },
        {
            "cline": "TIEBA",
            "code": "M_W_X002",
            "ios": 4,
            "android": 10,
            "h5": 10,
            "pos": 31,
            "elementCode": "T_M_W_X002",
            "cmeaning": 4,
            "desc": 4,
            "dim": [
                "默认"
            ],
            "rowNumber": 20
        },
        {
            "cline": "TIEBA",
            "code": "M_W_X003",
            "ios": 6,
            "android": 16,
            "h5": 16,
            "pos": 31,
            "elementCode": "T_M_W_X003",
            "cmeaning": 6,
            "desc": 6,
            "dim": [
                "默认"
            ],
            "rowNumber": 21
        },
        {
            "cline": "TIEBA",
            "code": "M_W_X004",
            "ios": 8,
            "android": 21,
            "h5": 21,
            "pos": 31,
            "elementCode": "T_M_W_X004",
            "cmeaning": 8,
            "desc": 8,
            "dim": [
                "默认"
            ],
            "rowNumber": 22
        },
        {
            "cline": "TIEBA",
            "code": "M_W_X005",
            "ios": 11,
            "android": 29,
            "h5": 29,
            "pos": 31,
            "elementCode": "T_M_W_X005",
            "cmeaning": 11,
            "desc": 11,
            "dim": [
                "默认"
            ],
            "rowNumber": 23
        },
        {
            "cline": "TIEBA",
            "code": "M_W_X006",
            "ios": 12,
            "android": 31,
            "h5": 31,
            "pos": 31,
            "elementCode": "T_M_W_X006",
            "cmeaning": 12,
            "desc": 12,
            "dim": [
                "默认"
            ],
            "rowNumber": 24
        },
        {
            "cline": "TIEBA",
            "code": "M_W_X007",
            "ios": 13,
            "android": 34,
            "h5": 34,
            "pos": 31,
            "elementCode": "T_M_W_X007",
            "cmeaning": 13,
            "desc": 13,
            "dim": [
                "默认"
            ],
            "rowNumber": 25
        },
        {
            "cline": "TIEBA",
            "code": "M_W_X008",
            "ios": 16,
            "android": 42,
            "h5": 42,
            "pos": 31,
            "elementCode": "T_M_W_X008",
            "cmeaning": 16,
            "desc": 16,
            "dim": [
                "默认"
            ],
            "rowNumber": 26
        },
        {
            "cline": "TIEBA",
            "code": "M_W_X009",
            "ios": 17,
            "android": 44,
            "h5": 44,
            "pos": 31,
            "elementCode": "T_M_W_X009",
            "cmeaning": 17,
            "desc": 17,
            "dim": [
                "默认"
            ],
            "rowNumber": 27
        },
        {
            "cline": "TIEBA",
            "code": "M_W_X010",
            "ios": 18,
            "android": 47,
            "h5": 47,
            "pos": 31,
            "elementCode": "T_M_W_X010",
            "cmeaning": 18,
            "desc": 18,
            "dim": [
                "默认"
            ],
            "rowNumber": 28
        },
        {
            "cline": "TIEBA",
            "code": "M_W_X011",
            "ios": 19,
            "android": 49,
            "h5": 49,
            "pos": 31,
            "elementCode": "T_M_W_X011",
            "cmeaning": 19,
            "desc": 19,
            "dim": [
                "默认"
            ],
            "rowNumber": 29
        },
        {
            "cline": "TIEBA",
            "code": "M_W_X012",
            "ios": 20,
            "android": 52,
            "h5": 52,
            "pos": 31,
            "elementCode": "T_M_W_X012",
            "cmeaning": 20,
            "desc": 20,
            "dim": [
                "默认"
            ],
            "rowNumber": 30
        },
        {
            "cline": "TIEBA",
            "code": "M_W_X013",
            "ios": 24,
            "android": 62,
            "h5": 62,
            "pos": 31,
            "elementCode": "T_M_W_X013",
            "cmeaning": 24,
            "desc": 24,
            "dim": [
                "默认"
            ],
            "rowNumber": 31
        },
        {
            "cline": "TIEBA",
            "code": "M_W_X014",
            "ios": 28,
            "android": 73,
            "h5": 73,
            "pos": 31,
            "elementCode": "T_M_W_X014",
            "cmeaning": 28,
            "desc": 28,
            "dim": [
                "默认"
            ],
            "rowNumber": 32
        },
        {
            "cline": "TIEBA",
            "code": "M_W_X015",
            "ios": 32,
            "android": 83,
            "h5": 83,
            "pos": 31,
            "elementCode": "T_M_W_X015",
            "cmeaning": 32,
            "desc": 32,
            "dim": [
                "默认"
            ],
            "rowNumber": 33
        },
        {
            "cline": "TIEBA",
            "code": "M_W_X016",
            "ios": 36,
            "android": 94,
            "h5": 94,
            "pos": 31,
            "elementCode": "T_M_W_X016",
            "cmeaning": 36,
            "desc": 36,
            "dim": [
                "默认"
            ],
            "rowNumber": 34
        },
        {
            "cline": "TIEBA",
            "code": "M_W_X017",
            "ios": 40,
            "android": 104,
            "h5": 104,
            "pos": 31,
            "elementCode": "T_M_W_X017",
            "cmeaning": 40,
            "desc": 40,
            "dim": [
                "默认"
            ],
            "rowNumber": 35
        },
        {
            "cline": "TIEBA",
            "code": "M_W_X018",
            "ios": 44,
            "android": 114,
            "h5": 114,
            "pos": 31,
            "elementCode": "T_M_W_X018",
            "cmeaning": 44,
            "desc": 44,
            "dim": [
                "默认"
            ],
            "rowNumber": 36
        },
        {
            "cline": "TIEBA",
            "code": "M_W_X019",
            "ios": 48,
            "android": 125,
            "h5": 125,
            "pos": 31,
            "elementCode": "T_M_W_X019",
            "cmeaning": 48,
            "desc": 48,
            "dim": [
                "默认"
            ],
            "rowNumber": 37
        },
        {
            "cline": "TIEBA",
            "code": "M_W_X020",
            "ios": 52,
            "android": 135,
            "h5": 135,
            "pos": 31,
            "elementCode": "T_M_W_X020",
            "cmeaning": 52,
            "desc": 52,
            "dim": [
                "默认"
            ],
            "rowNumber": 38
        },
        {
            "cline": "TIEBA",
            "code": "M_W_X021",
            "ios": 56,
            "android": 146,
            "h5": 146,
            "pos": 31,
            "elementCode": "T_M_W_X021",
            "cmeaning": 56,
            "desc": 56,
            "dim": [
                "默认"
            ],
            "rowNumber": 39
        },
        {
            "cline": "TIEBA",
            "code": "M_W_X022",
            "ios": 60,
            "android": 156,
            "h5": 156,
            "pos": 31,
            "elementCode": "T_M_W_X022",
            "cmeaning": 60,
            "desc": 60,
            "dim": [
                "默认"
            ],
            "rowNumber": 40
        }
    ],
    "grid": [
        {
            "cline": "TIEBA",
            "code": "G_L_T02",
            "cclass": "通栏栅格",
            "cmeaning": "通栏栅格 2N",
            "desc": "2N",
            "ios": 58,
            "android": 58,
            "h5": 58,
            "elementCode": "T_G_L_T02",
            "dim": [
                "通栏栅格"
            ],
            "rowNumber": 2
        },
        {
            "cline": "TIEBA",
            "code": "G_L_T03",
            "cclass": "通栏栅格",
            "cmeaning": "通栏栅格 3N",
            "desc": "3N",
            "ios": 91,
            "android": 91,
            "h5": 91,
            "elementCode": "T_G_L_T03",
            "dim": [
                "通栏栅格"
            ],
            "rowNumber": 3
        },
        {
            "cline": "TIEBA",
            "code": "G_L_T04",
            "cclass": "通栏栅格",
            "cmeaning": "通栏栅格 4N",
            "desc": "4N",
            "ios": 124,
            "android": 124,
            "h5": 124,
            "elementCode": "T_G_L_T04",
            "dim": [
                "通栏栅格"
            ],
            "rowNumber": 4
        },
        {
            "cline": "TIEBA",
            "code": "G_L_T05",
            "cclass": "通栏栅格",
            "cmeaning": "通栏栅格 5N",
            "desc": "5N",
            "ios": 157,
            "android": 157,
            "h5": 157,
            "elementCode": "T_G_L_T05",
            "dim": [
                "通栏栅格"
            ],
            "rowNumber": 5
        },
        {
            "cline": "TIEBA",
            "code": "G_L_T06",
            "cclass": "通栏栅格",
            "cmeaning": "通栏栅格 6N",
            "desc": "6N",
            "ios": 190,
            "android": 190,
            "h5": 190,
            "elementCode": "T_G_L_T06",
            "dim": [
                "通栏栅格"
            ],
            "rowNumber": 6
        },
        {
            "cline": "TIEBA",
            "code": "G_L_T07",
            "cclass": "通栏栅格",
            "cmeaning": "通栏栅格 7N",
            "desc": "7N",
            "ios": 223,
            "android": 223,
            "h5": 223,
            "elementCode": "T_G_L_T07",
            "dim": [
                "通栏栅格"
            ],
            "rowNumber": 7
        },
        {
            "cline": "TIEBA",
            "code": "G_L_T08",
            "cclass": "通栏栅格",
            "cmeaning": "通栏栅格 8N",
            "desc": "8N",
            "ios": 256,
            "android": 256,
            "h5": 256,
            "elementCode": "T_G_L_T08",
            "dim": [
                "通栏栅格"
            ],
            "rowNumber": 8
        },
        {
            "cline": "TIEBA",
            "code": "G_L_T09",
            "cclass": "通栏栅格",
            "cmeaning": "通栏栅格 9N",
            "desc": "9N",
            "ios": 289,
            "android": 289,
            "h5": 289,
            "elementCode": "T_G_L_T09",
            "dim": [
                "通栏栅格"
            ],
            "rowNumber": 9
        },
        {
            "cline": "TIEBA",
            "code": "G_L_T10",
            "cclass": "通栏栅格",
            "cmeaning": "通栏栅格 10N",
            "desc": "10N",
            "ios": 322,
            "android": 322,
            "h5": 322,
            "elementCode": "T_G_L_T10",
            "dim": [
                "通栏栅格"
            ],
            "rowNumber": 10
        },
        {
            "cline": "TIEBA",
            "code": "G_L_T11",
            "cclass": "通栏栅格",
            "cmeaning": "通栏栅格 11N",
            "desc": "11N",
            "ios": 355,
            "android": 355,
            "h5": 355,
            "elementCode": "T_G_L_T11",
            "dim": [
                "通栏栅格"
            ],
            "rowNumber": 11
        },
        {
            "cline": "TIEBA",
            "code": "G_L_T12",
            "cclass": "通栏栅格",
            "cmeaning": "通栏栅格 12N",
            "desc": "12N",
            "ios": 388,
            "android": 388,
            "h5": 388,
            "elementCode": "T_G_L_T12",
            "dim": [
                "通栏栅格"
            ],
            "rowNumber": 12
        },
        {
            "cline": "TIEBA",
            "code": "G_L_C02",
            "cclass": "卡片栅格",
            "cmeaning": "卡片栅格 2N",
            "desc": "2N",
            "ios": 56,
            "android": 56,
            "h5": 56,
            "elementCode": "T_G_L_C02",
            "dim": [
                "卡片栅格"
            ],
            "rowNumber": 13
        },
        {
            "cline": "TIEBA",
            "code": "G_L_C03",
            "cclass": "卡片栅格",
            "cmeaning": "卡片栅格 3N",
            "desc": "3N",
            "ios": 88,
            "android": 88,
            "h5": 88,
            "elementCode": "T_G_L_C03",
            "dim": [
                "卡片栅格"
            ],
            "rowNumber": 14
        },
        {
            "cline": "TIEBA",
            "code": "G_L_C04",
            "cclass": "卡片栅格",
            "cmeaning": "卡片栅格 4N",
            "desc": "4N",
            "ios": 120,
            "android": 120,
            "h5": 120,
            "elementCode": "T_G_L_C04",
            "dim": [
                "卡片栅格"
            ],
            "rowNumber": 15
        },
        {
            "cline": "TIEBA",
            "code": "G_L_C05",
            "cclass": "卡片栅格",
            "cmeaning": "卡片栅格 5N",
            "desc": "5N",
            "ios": 152,
            "android": 152,
            "h5": 152,
            "elementCode": "T_G_L_C05",
            "dim": [
                "卡片栅格"
            ],
            "rowNumber": 16
        },
        {
            "cline": "TIEBA",
            "code": "G_L_C06",
            "cclass": "卡片栅格",
            "cmeaning": "卡片栅格 6N",
            "desc": "6N",
            "ios": 184,
            "android": 184,
            "h5": 184,
            "elementCode": "T_G_L_C06",
            "dim": [
                "卡片栅格"
            ],
            "rowNumber": 17
        },
        {
            "cline": "TIEBA",
            "code": "G_L_C07",
            "cclass": "卡片栅格",
            "cmeaning": "卡片栅格 7N",
            "desc": "7N",
            "ios": 216,
            "android": 216,
            "h5": 216,
            "elementCode": "T_G_L_C07",
            "dim": [
                "卡片栅格"
            ],
            "rowNumber": 18
        },
        {
            "cline": "TIEBA",
            "code": "G_L_C08",
            "cclass": "卡片栅格",
            "cmeaning": "卡片栅格 8N",
            "desc": "8N",
            "ios": 248,
            "android": 248,
            "h5": 248,
            "elementCode": "T_G_L_C08",
            "dim": [
                "卡片栅格"
            ],
            "rowNumber": 19
        },
        {
            "cline": "TIEBA",
            "code": "G_L_C09",
            "cclass": "卡片栅格",
            "cmeaning": "卡片栅格 9N",
            "desc": "9N",
            "ios": 280,
            "android": 280,
            "h5": 280,
            "elementCode": "T_G_L_C09",
            "dim": [
                "卡片栅格"
            ],
            "rowNumber": 20
        },
        {
            "cline": "TIEBA",
            "code": "G_L_C10",
            "cclass": "卡片栅格",
            "cmeaning": "卡片栅格 10N",
            "desc": "10N",
            "ios": 312,
            "android": 312,
            "h5": 312,
            "elementCode": "T_G_L_C10",
            "dim": [
                "卡片栅格"
            ],
            "rowNumber": 21
        },
        {
            "cline": "TIEBA",
            "code": "G_L_C11",
            "cclass": "卡片栅格",
            "cmeaning": "卡片栅格 11N",
            "desc": "11N",
            "ios": 344,
            "android": 344,
            "h5": 344,
            "elementCode": "T_G_L_C11",
            "dim": [
                "卡片栅格"
            ],
            "rowNumber": 22
        },
        {
            "cline": "TIEBA",
            "code": "G_L_C12",
            "cclass": "卡片栅格",
            "cmeaning": "卡片栅格 12N",
            "desc": "12N",
            "ios": 376,
            "android": 376,
            "h5": 376,
            "elementCode": "T_G_L_C12",
            "dim": [
                "卡片栅格"
            ],
            "rowNumber": 23
        },
        {
            "cline": "TIEBA",
            "code": "G_S_P01",
            "cclass": "图片比例",
            "cmeaning": "1:1",
            "desc": "1:1",
            "scale": "1:1",
            "elementCode": "T_G_S_P01",
            "dim": [
                "图片比例"
            ],
            "rowNumber": 24
        },
        {
            "cline": "TIEBA",
            "code": "G_S_P02",
            "cclass": "图片比例",
            "cmeaning": "3:4",
            "desc": "3:4",
            "scale": "3:4",
            "elementCode": "T_G_S_P02",
            "dim": [
                "图片比例"
            ],
            "rowNumber": 25
        },
        {
            "cline": "TIEBA",
            "code": "G_S_P03",
            "cclass": "图片比例",
            "cmeaning": "3:2",
            "desc": "3:2",
            "scale": "3:2",
            "elementCode": "T_G_S_P03",
            "dim": [
                "图片比例"
            ],
            "rowNumber": 26
        },
        {
            "cline": "TIEBA",
            "code": "G_S_P04",
            "cclass": "图片比例",
            "cmeaning": "16:9",
            "desc": "16:9",
            "scale": "16:9",
            "elementCode": "T_G_S_P04",
            "dim": [
                "图片比例"
            ],
            "rowNumber": 27
        },
        {
            "cline": "TIEBA",
            "code": "G_S_P05",
            "cclass": "图片比例",
            "cmeaning": "3:1",
            "desc": "3:1",
            "scale": "3:1",
            "elementCode": "T_G_S_P05",
            "dim": [
                "图片比例"
            ],
            "rowNumber": 28
        },
        {
            "cline": "TIEBA",
            "code": "G_S_P06",
            "cclass": "图片比例",
            "cmeaning": "4:3",
            "desc": "4:3",
            "scale": "4:3",
            "elementCode": "T_G_S_P06",
            "dim": [
                "图片比例"
            ],
            "rowNumber": 29
        }
    ]
}