{"status":0,"data":[{"_id":"5f6d900ae76ad456cec50dd8","id":1,"code":"F_F_X01","cline":"FEED","cclass":"模块标题专用","cmeaning":"加粗","elementCode":"F_X02","ios":700,"android":700,"h5":700},{"_id":"5f6d9249e76ad456cec50dd9","id":2,"code":"F_F_X02","cline":"FEED","cclass":"通用加粗","cmeaning":"加粗","elementCode":"F_X02","ios":700,"android":700,"h5":700},{"_id":"5f6d9263e76ad456cec50dda","id":3,"code":"F_F_X03","cline":"FEED","cclass":"通用加粗2","cmeaning":"加粗","elementCode":"F_X02","ios":700,"android":700,"h5":700},{"_id":"5f851fc815a5143e1595f31f","id":1,"code":"F_T_X001","cline":"FEED","cclass":"模版标题","cmeaning":"基础模版-列表页主FEED标题字号","elementCode":"T_X01","ios":19,"android":17,"h5":57},{"_id":"5f85211f15a5143e1595f320","id":2,"code":"F_T_X002","cline":"FEED","cclass":"模版标题","cmeaning":"聚合模版类-列表页模版标题字号","elementCode":"T_X04","ios":16,"android":14,"h5":48},{"_id":"5f85215315a5143e1595f321","id":3,"code":"F_T_X003","cline":"FEED","cclass":"模版标题","cmeaning":"聚合模模版类-横滑内容标题（首屏模块横向可展现个数：大于2个；单个模块宽度：小于等于4n）","elementCode":"T_X18","ios":14,"android":13,"h5":42},{"_id":"5f85217715a5143e1595f322","id":4,"code":"F_T_X004","cline":"FEED","cclass":"模版标题","cmeaning":"聚合模版类-横滑内容标题（首屏模块横向可展现个数：大于1个小于等于2个；单个模块宽度：6n 8n 10n）","elementCode":"T_X04","ios":16,"android":14,"h5":48},{"_id":"5f8521ad22261f1a33a44fec","id":5,"code":"F_T_X005","cline":"FEED","cclass":"模版标题","cmeaning":"聚合模版类-横滑内容标题（首屏模块横向可展现个数：1个或通栏；单个模块宽度：12n或通栏）","elementCode":"T_X02","ios":18,"android":16,"h5":54},{"_id":"5f8521cf22261f1a33a44fee","id":6,"code":"F_T_X006","cline":"FEED","cclass":"模版标题","cmeaning":"聚合模版类-功能跳转字号（例：查看更多）","elementCode":"T_X18","ios":14,"android":13,"h5":42},{"_id":"5f85227822261f1a33a44ff1","id":7,"code":"F_T_X007","cline":"FEED","cclass":"模版标题","cmeaning":"聚合模版类-模块弱化标题文字","elementCode":"T_X18","ios":14,"android":13,"h5":42},{"_id":"5f85235022261f1a33a44ff2","id":12,"code":"F_T_X012","cline":"FEED","cclass":"标签类","cmeaning":"一级标签-图上","elementCode":"T_X09","ios":10,"android":9,"h5":30},{"_id":"5f85235022261f1a33a44ff3","id":11,"code":"F_T_X011","cline":"FEED","cclass":"标签类","cmeaning":"一级标签","elementCode":"T_X19","ios":12,"android":11,"h5":36},{"_id":"5f8561274be8e74aa26d0628","id":13,"code":"F_T_X013","cline":"FEED","cclass":"标签类","cmeaning":"二级标签","elementCode":"T_X19","ios":12,"android":11,"h5":36},{"_id":"5f8561544be8e74aa26d0629","id":14,"code":"F_T_X014","cline":"FEED","cclass":"标签类","cmeaning":"二级标签-图上","elementCode":"T_X09","ios":10,"android":9,"h5":30},{"_id":"5f8561784be8e74aa26d062c","id":15,"code":"F_T_X015","cline":"FEED","cclass":"标签类","cmeaning":"三级标签","elementCode":"T_X19","ios":12,"android":11,"h5":36},{"_id":"5f8561944be8e74aa26d062d","id":16,"code":"F_T_X016","cline":"FEED","cclass":"标签类","cmeaning":"四级标签","elementCode":"T_X19","ios":12,"android":11,"h5":36},{"_id":"5f8561b04be8e74aa26d062e","id":17,"code":"F_T_X017","cline":"FEED","cclass":"标签类","cmeaning":"直播标签","elementCode":"T_X13","ios":11,"android":10,"h5":33},{"_id":"5f8561d74be8e74aa26d062f","id":31,"code":"F_T_X031","cline":"FEED","cclass":"胶囊类","cmeaning":"图片上角标文字字号","elementCode":"T_X09","ios":10,"android":9,"h5":30},{"_id":"5f8561fb4be8e74aa26d0630","id":32,"code":"F_T_X032","cline":"FEED","cclass":"附加信息类","cmeaning":"列表页摘要文字","elementCode":"T_X04","ios":16,"android":14,"h5":48},{"_id":"5f8562164be8e74aa26d0631","id":33,"code":"F_T_X033","cline":"FEED","cclass":"附加信息类","cmeaning":"列表页辅助信息字号","elementCode":"T_X19","ios":12,"android":11,"h5":36},{"_id":"5f8562344be8e74aa26d0632","id":34,"code":"F_T_X034","cline":"FEED","cclass":"附加信息类","cmeaning":"导流灰底挂件文字字号","elementCode":"T_X18","ios":14,"android":13,"h5":42},{"_id":"5f8562564be8e74aa26d0633","id":41,"code":"F_T_X041","cline":"FEED","cclass":"按钮类","cmeaning":"按钮三级字号（按钮高度小于等于84px）","elementCode":"T_X07","ios":13,"android":11,"h5":39},{"_id":"5f8562714be8e74aa26d0634","id":42,"code":"F_T_X042","cline":"FEED","cclass":"按钮类","cmeaning":"按钮二级字号（按钮高度大于等于99px）","elementCode":"T_X18","ios":14,"android":13,"h5":42},{"_id":"5f85628e4be8e74aa26d0635","id":43,"code":"F_T_X043","cline":"FEED","cclass":"按钮类","cmeaning":"按钮一级字号","elementCode":"T_X04","ios":16,"android":14,"h5":48},{"_id":"5f8562df4be8e74aa26d0638","id":51,"code":"F_T_X051","cline":"FEED","cclass":"通用字号","cmeaning":"一级文字","elementCode":"T_X01","ios":19,"android":17,"h5":57},{"_id":"5f8562f84be8e74aa26d0639","id":52,"code":"F_T_X052","cline":"FEED","cclass":"通用字号","cmeaning":"二级文字","elementCode":"T_X02","ios":18,"android":16,"h5":54},{"_id":"5f8563464be8e74aa26d063a","id":53,"code":"F_T_X053","cline":"FEED","cclass":"通用字号","cmeaning":"三级文字","elementCode":"T_X03","ios":17,"android":15,"h5":51},{"_id":"5f85635f4be8e74aa26d063b","id":54,"code":"F_T_X054","cline":"FEED","cclass":"通用字号","cmeaning":"四级文字","elementCode":"T_X04","ios":16,"android":14,"h5":48},{"_id":"5f8563784be8e74aa26d063c","id":55,"code":"F_T_X055","cline":"FEED","cclass":"通用字号","cmeaning":"五级文字","elementCode":"T_X18","ios":14,"android":13,"h5":42},{"_id":"5f8563904be8e74aa26d063d","id":56,"code":"F_T_X056","cline":"FEED","cclass":"通用字号","cmeaning":"六级文字","elementCode":"T_X19","ios":12,"android":11,"h5":36},{"_id":"5f8563a74be8e74aa26d063e","id":57,"code":"F_T_X057","cline":"FEED","cclass":"通用字号","cmeaning":"七级文字","elementCode":"T_X09","ios":10,"android":9,"h5":30},{"_id":"5f8563c54be8e74aa26d063f","id":58,"code":"F_T_X058","cline":"FEED","cclass":"通用字号","cmeaning":"八级文字","elementCode":"T_X20","ios":13,"android":12,"h5":39},{"_id":"5f8563de4be8e74aa26d0640","id":59,"code":"F_T_X059","cline":"FEED","cclass":"通用字号","cmeaning":"九级文字","elementCode":"T_X05","ios":15,"android":13,"h5":45},{"_id":"5f8563f84be8e74aa26d0641","id":60,"code":"F_T_X060","cline":"FEED","cclass":"通用字号","cmeaning":"十级文字","elementCode":"T_X11","ios":21,"android":18,"h5":63},{"_id":"5f8564354be8e74aa26d0642","id":101,"code":"F_T_X101","cline":"FEED","cclass":"UGC模板","cmeaning":"用户信息区-用户名字号","elementCode":"T_X04","ios":16,"android":14,"h5":48},{"_id":"5f8564604be8e74aa26d0643","id":102,"code":"F_T_X102","cline":"FEED","cclass":"UGC模板","cmeaning":"用户信息区-已关注、认证等辅助信息字号","elementCode":"T_X19","ios":12,"android":11,"h5":36},{"_id":"5f85647f4be8e74aa26d0644","id":103,"code":"F_T_X103","cline":"FEED","cclass":"UGC模板","cmeaning":"用户信息区-关注btn字号","elementCode":"T_X07","ios":13,"android":11,"h5":39},{"_id":"5f8564a34be8e74aa26d0645","id":121,"code":"F_T_X121","cline":"FEED","cclass":"UGC模板","cmeaning":"用户信息区-社会组织标签字号","elementCode":"T_X09","ios":10,"android":9,"h5":30},{"_id":"5f8564d34be8e74aa26d0646","id":104,"code":"F_T_X104","cline":"FEED","cclass":"UGC模板","cmeaning":"文本信息区-动态文本字号","elementCode":"T_X03","ios":17,"android":15,"h5":51},{"_id":"5f8564f44be8e74aa26d0647","id":120,"code":"F_T_X120","cline":"FEED","cclass":"UGC模板","cmeaning":"图片信息区-图片上+n字号","elementCode":"T_X21","ios":27,"android":23,"h5":81},{"_id":"5f85650d4be8e74aa26d0648","id":105,"code":"F_T_X105","cline":"FEED","cclass":"UGC模板","cmeaning":"转发信息区-转发文本字号","elementCode":"T_X04","ios":16,"android":14,"h5":48},{"_id":"5f85652e4be8e74aa26d0649","id":106,"code":"F_T_X106","cline":"FEED","cclass":"UGC模板","cmeaning":"挂载信息区-挂载卡片标题字号","elementCode":"T_X06","ios":14,"android":12,"h5":42},{"_id":"5f85654d4be8e74aa26d064a","id":107,"code":"F_T_X107","cline":"FEED","cclass":"UGC模板","cmeaning":"挂载信息区-挂载卡片一级字段价格符号字号","elementCode":"T_X19","ios":12,"android":11,"h5":36},{"_id":"5f8565794be8e74aa26d064b","id":108,"code":"F_T_X108","cline":"FEED","cclass":"UGC模板","cmeaning":"挂载信息区-挂载卡片一级字段价格数字字号","elementCode":"T_X06","ios":14,"android":12,"h5":42},{"_id":"5f8565954be8e74aa26d064c","id":109,"code":"F_T_X109","cline":"FEED","cclass":"UGC模板","cmeaning":"挂载信息区-挂载卡片一级字段评分数字字号","elementCode":"T_X19","ios":12,"android":11,"h5":36},{"_id":"5f8565bb4be8e74aa26d064d","id":110,"code":"F_T_X110","cline":"FEED","cclass":"UGC模板","cmeaning":"挂载信息区-挂载卡片一级字段地理位置字号","elementCode":"T_X19","ios":12,"android":11,"h5":36},{"_id":"5f8565f84be8e74aa26d064e","id":111,"code":"F_T_X111","cline":"FEED","cclass":"UGC模板","cmeaning":"挂载信息区-挂载卡片一级字段字号","elementCode":"T_X19","ios":12,"android":11,"h5":36},{"_id":"5f8566114be8e74aa26d064f","id":112,"code":"F_T_X112","cline":"FEED","cclass":"UGC模板","cmeaning":"挂载信息区-挂载卡片二级字段字号","elementCode":"T_X19","ios":12,"android":11,"h5":36},{"_id":"5f85662f4be8e74aa26d0650","id":113,"code":"F_T_X113","cline":"FEED","cclass":"UGC模板","cmeaning":"挂载信息区-挂载卡片辅助信息字号","elementCode":"T_X19","ios":12,"android":11,"h5":36},{"_id":"5f8566664be8e74aa26d0651","id":115,"code":"F_T_X115","cline":"FEED","cclass":"UGC模板","cmeaning":"挂载信息区-挂载卡片操作Btn字号","elementCode":"T_X07","ios":13,"android":11,"h5":39},{"_id":"5f8566844be8e74aa26d0652","id":119,"code":"F_T_X119","cline":"FEED","cclass":"UGC模板","cmeaning":"挂载信息区-挂载卡片标签字号","elementCode":"T_X09","ios":10,"android":9,"h5":30},{"_id":"5f8566a14be8e74aa26d0653","id":116,"code":"F_T_X116","cline":"FEED","cclass":"UGC模板","cmeaning":"辅助信息区-阅读数等辅助信息字号","elementCode":"T_X19","ios":12,"android":11,"h5":36},{"_id":"5f8566c24be8e74aa26d0654","id":117,"code":"F_T_X117","cline":"FEED","cclass":"UGC模板","cmeaning":"辅助信息区-辅助信息标签字号","elementCode":"T_X19","ios":12,"android":11,"h5":36},{"_id":"5f8566dc4be8e74aa26d0655","id":118,"code":"F_T_X118","cline":"FEED","cclass":"UGC模板","cmeaning":"互动操作区-互动操作项文字字号","elementCode":"T_X19","ios":12,"android":11,"h5":36},{"_id":"5f958c96c531587ee80a3849","id":1,"code":"F_Txt_X1","cline":"FEED","cclass":"按钮文本","cmeaning":"按钮一级文本","elementCode":"Txt_X091","fontId":1,"iosFont":400,"androidFont":400,"h5Font":400,"fontSizeId":15,"iosFontSize":20,"androidFontSize":18,"h5FontSize":63,"camId":"CAM_X350","defaultValue":{"color":"000000","opacity":1,"rgba":"0, 0, 0, 1"},"darkValue":{"color":"FFFFFF","opacity":1,"rgba":"255, 255, 255, 1"},"nightValue":{"color":"666666","opacity":1,"rgba":"102, 102, 102, 1"}},{"_id":"5f958cb8c531587ee80a384a","id":2,"code":"F_Txt_X2","cline":"FEED","cclass":"按钮文本","cmeaning":"按钮二级文本","elementCode":"Txt_X039","fontId":1,"iosFont":400,"androidFont":400,"h5Font":400,"fontSizeId":10,"iosFontSize":24,"androidFontSize":31,"h5FontSize":72,"camId":"CAM_X350","defaultValue":{"color":"000000","opacity":1,"rgba":"0, 0, 0, 1"},"darkValue":{"color":"FFFFFF","opacity":1,"rgba":"255, 255, 255, 1"},"nightValue":{"color":"666666","opacity":1,"rgba":"102, 102, 102, 1"}},{"_id":"5f958d05c531587ee80a384b","id":3,"code":"F_Txt_X3","cline":"FEED","cclass":"标题基础模板","cmeaning":"横滑内容标题","elementCode":"Txt_X091","fontId":1,"iosFont":400,"androidFont":400,"h5Font":400,"fontSizeId":15,"iosFontSize":20,"androidFontSize":18,"h5FontSize":63,"camId":"CAM_X350","defaultValue":{"color":"000000","opacity":1,"rgba":"0, 0, 0, 1"},"darkValue":{"color":"FFFFFF","opacity":1,"rgba":"255, 255, 255, 1"},"nightValue":{"color":"666666","opacity":1,"rgba":"102, 102, 102, 1"}},{"_id":"5f958d36c531587ee80a384c","id":4,"code":"F_Txt_X4","cline":"FEED","cclass":"标题基础模板","cmeaning":"模块弱化标题","elementCode":"Txt_X010","fontId":1,"iosFont":400,"androidFont":400,"h5Font":400,"fontSizeId":3,"iosFontSize":17,"androidFontSize":15,"h5FontSize":51,"camId":"CAM_X350","defaultValue":{"color":"000000","opacity":1,"rgba":"0, 0, 0, 1"},"darkValue":{"color":"FFFFFF","opacity":1,"rgba":"255, 255, 255, 1"},"nightValue":{"color":"666666","opacity":1,"rgba":"102, 102, 102, 1"}},{"_id":"5f855eae4be8e74aa26d0625","id":1,"code":"F_L_X01","cline":"FEED","cclass":"通栏模版","cmeaning":"粗分割线高度","elementCode":"L_X04","ios":6,"android":5,"h5":18},{"_id":"5f855ecd4be8e74aa26d0626","id":2,"code":"F_L_X02","cline":"FEED","cclass":"非通栏分割线","cmeaning":"细分割线高度","elementCode":"L_X01","ios":0.33,"android":0.33,"h5":1},{"_id":"5f855f134be8e74aa26d0627","id":3,"code":"F_L_X03","cline":"FEED","cclass":"通栏分割线","cmeaning":"细分割线高度","elementCode":"L_X01","ios":0.33,"android":0.33,"h5":1},{"_id":"5f61cc58f3338a355c53d7bd","id":5,"code":"S_L_X5","cline":"搜索","cclass":"分割线","cmeaning":"卡片间粗分割线","elementCode":"L_X06","ios":5,"android":5,"h5":15},{"_id":"5f61cc7ef3338a355c53d7be","id":6,"code":"S_L_X6","cline":"搜索","cclass":"模块背景","cmeaning":"特殊状态模块儿背景","elementCode":"L_X07","ios":56,"android":56,"h5":168},{"_id":"5f8e7323a9ca34a25b4d3d76","id":1,"code":"F_J_X01","cline":"FEED","cclass":"图片圆角","cmeaning":"图片圆角","elementCode":"J_X28","ios":"9","android":"8","h5":""},{"_id":"5f8e74f5a9ca34a25b4d3d77","id":2,"code":"F_J_X02","cline":"FEED","cclass":"图片圆角","cmeaning":"卡片+容器（图片上有文字内容的）","elementCode":"J_X29","ios":"12","android":"10","h5":""},{"_id":"5f8e7523a9ca34a25b4d3d78","id":5,"code":"F_J_X05","cline":"FEED","cclass":"图片圆角","cmeaning":"按钮tag","elementCode":"J_X28","ios":"9","android":"8","h5":""},{"_id":"5f8e7564a9ca34a25b4d3d79","id":3,"code":"F_J_X03","cline":"FEED","cclass":"图片圆角","cmeaning":"动态挂载类卡片","elementCode":"J_X28","ios":"9","android":"8","h5":""},{"_id":"5f8e758da9ca34a25b4d3d7a","id":4,"code":"F_J_X04","cline":"FEED","cclass":"图片圆角","cmeaning":"无圆角","elementCode":"J_X30","ios":"0","android":"0","h5":""},{"_id":"5f8e75d3a9ca34a25b4d3d7d","id":6,"code":"F_J_X06","cline":"FEED","cclass":"按钮圆角","cmeaning":"84高关注按钮圆角","elementCode":"J_X31","ios":"14","android":"12","h5":""},{"_id":"5f8e7602a9ca34a25b4d3d7e","id":7,"code":"F_J_X07","cline":"FEED","cclass":"按钮圆角","cmeaning":"84高智能小程序按钮圆角","elementCode":"J_X31","ios":"14","android":"12","h5":""},{"_id":"5f8e76f1a9ca34a25b4d3d80","id":8,"code":"F_J_X08","cline":"FEED","cclass":"按钮圆角","cmeaning":"84高关注红包按钮左上圆角","elementCode":"J_X39","ios":"6","android":"5","h5":""},{"_id":"5f8e770fa9ca34a25b4d3d81","id":9,"code":"F_J_X09","cline":"FEED","cclass":"按钮圆角","cmeaning":"84高关注红包按钮左下圆角","elementCode":"J_X33","ios":"2","android":"2","h5":""},{"_id":"5f8e773fa9ca34a25b4d3d82","id":10,"code":"F_J_X10","cline":"FEED","cclass":"按钮圆角","cmeaning":"108高度按钮圆角","elementCode":"J_X32","ios":"18","android":"16","h5":""},{"_id":"5f8e7777a9ca34a25b4d3d83","id":18,"code":"F_J_X18","cline":"FEED","cclass":"按钮圆角","cmeaning":"114px按钮圆角","elementCode":"J_X38","ios":"19","android":"17","h5":""},{"_id":"5f8e77bca9ca34a25b4d3d84","id":11,"code":"F_J_X11","cline":"FEED","cclass":"商业","cmeaning":"转化按钮全圆（商业侧）","elementCode":"J_X34","ios":"14","android":"11","h5":""},{"_id":"5f8e77e2a9ca34a25b4d3d85","id":16,"code":"F_J_X16","cline":"FEED","cclass":"商业","cmeaning":"营销标签圆角","elementCode":"J_X35","ios":"8","android":"7","h5":""},{"_id":"5f8e780ca9ca34a25b4d3d86","id":12,"code":"F_J_X12","cline":"FEED","cclass":"feedtab","cmeaning":"feedtab选中条圆角","elementCode":"J_X33","ios":"2","android":"2","h5":""},{"_id":"5f8e783fa9ca34a25b4d3d87","id":13,"code":"F_J_X13","cline":"FEED","cclass":"Pk按钮","cmeaning":"99高按钮 pk按钮","elementCode":"J_X36","ios":"17","android":"15","h5":""},{"_id":"5f8e7861a9ca34a25b4d3d88","id":14,"code":"F_J_X14","cline":"FEED","cclass":"Pk按钮","cmeaning":"按钮圆角pk按钮","elementCode":"J_X28","ios":"9","android":"8","h5":""},{"_id":"5f8e78bea9ca34a25b4d3d89","id":15,"code":"F_J_X15","cline":"FEED","cclass":"面板圆角","cmeaning":"圆角","elementCode":"J_X37","ios":"21","android":"18","h5":""},{"_id":"5f8e78e6a9ca34a25b4d3d8a","id":17,"code":"F_J_X17","cline":"FEED","cclass":"资源胶囊圆角","cmeaning":"图片右下角胶囊圆角","elementCode":"J_X28","ios":"9","android":"8","h5":""},{"code":"S_J_X14","cline":"搜索","cclass":"元素边角","cmeaning":"3,3,3,3","elementCode":"J_X14","ios":"3,3,3,3","android":"5,5,5,5","h5":""},
    {"code":"S_J_X15","cline":"搜索","cclass":"元素边角","cmeaning":"9,9,9,9","elementCode":"J_X15","ios":"9,9,9,9","android":"13,13,13,13","h5":""},
    {"code":"S_J_X16","cline":"搜索","cclass":"元素边角","cmeaning":"全圆","elementCode":"J_X16","ios":"-1,-1,-1,-1","android":"-1,-1,-1,-1","h5":""},{"_id":"5f958e3dc531587ee80a384d","id":1,"code":"F_M_H_X1","cline":"FEED","cclass":"feed基础结构","cmeaning":"卡片之间间距","elementCode":"M_H_X016","ios":8,"android":7,"h5":24},{"_id":"5f958ed9c531587ee80a384e","id":2,"code":"F_M_H_X2","cline":"FEED","cclass":"feed基础结构","cmeaning":"模版上间距","elementCode":"M_H_X005","ios":15,"android":13,"h5":45},{"_id":"5f958ef8c531587ee80a384f","id":3,"code":"F_M_H_X3","cline":"FEED","cclass":"feed基础结构","cmeaning":"模版下间距","elementCode":"M_H_X005","ios":15,"android":13,"h5":45},{"_id":"5f958f51c531587ee80a3850","id":4,"code":"F_M_H_X4","cline":"FEED","cclass":"模版框架结构","cmeaning":"主要信息_标题与辅助信息间距","elementCode":"M_H_X004","ios":12,"android":10,"h5":36},{"_id":"5f958f7bc531587ee80a3851","id":5,"code":"F_M_H_X5","cline":"FEED","cclass":"模版框架结构","cmeaning":"主要信息_图片与辅助信息间距","elementCode":"M_H_X003","ios":9,"android":8,"h5":27},{"_id":"5f69c81813de2836a29aac56","id":7,"code":"S_M_H_X7","cline":"搜索","cclass":"横向间距","cmeaning":"浮起/上拉层面板标题距卡片顶部间距","elementCode":"M_H_X007","ios":21,"android":18,"h5":63},{"_id":"5f69c83013de2836a29aac57","id":11,"code":"S_M_H_X11","cline":"搜索","cclass":"横向间距","cmeaning":"tag search吸顶白底高度","elementCode":"M_H_X011","ios":10,"android":9,"h5":30},{"_id":"5f69c84713de2836a29aac58","id":12,"code":"S_M_H_X12","cline":"搜索","cclass":"横向间距","cmeaning":"UGC作者距发布时间间距","elementCode":"M_H_X012","ios":5,"android":4,"h5":15},{"_id":"5f69c86113de2836a29aac59","id":13,"code":"S_M_H_X13","cline":"搜索","cclass":"横向间距","cmeaning":"UGC模块背景高度","elementCode":"M_H_X013","ios":35,"android":30,"h5":105},{"_id":"5f958fffc531587ee80a3852","id":1,"code":"F_M_W_X1","cline":"FEED","cclass":"附加信息区","cmeaning":"评论头像/图标与辅助信息间距","elementCode":"M_W_X002","ios":5,"android":4,"h5":15},{"_id":"5f959024c531587ee80a3853","id":2,"code":"F_M_W_X2","cline":"FEED","cclass":"feed基础结构","cmeaning":"feed通栏模版两侧间距","elementCode":"M_W_X010","ios":17,"android":15,"h5":51},{"_id":"5f95903ac531587ee80a3854","id":3,"code":"F_M_W_X3","cline":"FEED","cclass":"feed基础结构","cmeaning":"feed卡片模版两侧间距","elementCode":"M_W_X009","ios":15,"android":13,"h5":45},{"_id":"5f95904fc531587ee80a3855","id":4,"code":"F_M_W_X4","cline":"FEED","cclass":"附加信息区","cmeaning":"操作区距离附加信息区边缘间距","elementCode":"M_W_X008","ios":12,"android":10,"h5":36},{"_id":"5f95905ec531587ee80a3856","id":5,"code":"F_M_W_X5","cline":"FEED","cclass":"附加信息区","cmeaning":"图片距离附加信息区边缘间距","elementCode":"M_W_X008","ios":12,"android":10,"h5":36},{"_id":"5f69c6ed13de2836a29aac4c","id":1,"code":"S_M_W_X1","cline":"搜索","cclass":"纵向间距","cmeaning":"UGC关注组件内部间距","elementCode":"M_W_X001","ios":3,"android":2,"h5":9},{"_id":"5f69c70613de2836a29aac4d","id":4,"code":"S_M_W_X4","cline":"搜索","cclass":"纵向间距","cmeaning":"商业卡导流icon距文本间距","elementCode":"M_W_X004","ios":7,"android":6,"h5":21},{"_id":"5f69c72113de2836a29aac4e","id":5,"code":"S_M_W_X5","cline":"搜索","cclass":"纵向间距","cmeaning":"卡片内栅格间距","elementCode":"M_W_X005","ios":8,"android":7,"h5":24},{"_id":"5f69c73813de2836a29aac4f","id":6,"code":"S_M_W_X6","cline":"搜索","cclass":"纵向间距","cmeaning":"纵向元素间距1","elementCode":"M_W_X006","ios":9,"android":8,"h5":27},{"_id":"5f69c77413de2836a29aac50","id":7,"code":"S_M_W_X7","cline":"搜索","cclass":"纵向间距","cmeaning":"纵向元素间距2","elementCode":"M_W_X007","ios":10,"android":9,"h5":30},{"_id":"5f69c78c13de2836a29aac51","id":8,"code":"S_M_W_X8","cline":"搜索","cclass":"纵向间距","cmeaning":"纵向元素间距3","elementCode":"M_W_X008","ios":12,"android":10,"h5":36},{"_id":"5f69c7a413de2836a29aac52","id":9,"code":"S_M_W_X9","cline":"搜索","cclass":"纵向间距","cmeaning":"文本距离button极限值间距","elementCode":"M_W_X009","ios":15,"android":13,"h5":45},{"_id":"5f69c7b613de2836a29aac53","id":10,"code":"S_M_W_X10","cline":"搜索","cclass":"纵向间距","cmeaning":"两侧宽水槽间距","elementCode":"M_W_X010","ios":17,"android":15,"h5":51},{"_id":"5f69c7c813de2836a29aac54","id":16,"code":"S_M_W_X16","cline":"搜索","cclass":"纵向间距","cmeaning":"互动模块各属性icon间距","elementCode":"M_W_X016","ios":20,"android":17,"h5":60},{"_id":"5f69c7dc13de2836a29aac55","id":19,"code":"S_M_W_X19","cline":"搜索","cclass":"纵向间距","cmeaning":"商业卡导流icon距反馈icon间距","elementCode":"M_W_X019","ios":21,"android":18,"h5":63},{"_id":"5f959101c531587ee80a3857","id":1,"code":"F_M_T_X1","cline":"FEED","cclass":"UGC模板","cmeaning":"文本信息文本与全文间距","elementCode":"M_T_X008","ios":2,"android":2,"h5":6},{"_id":"5f95915cc531587ee80a3858","id":2,"code":"F_M_T_X2","cline":"FEED","cclass":"UGC模板","cmeaning":"转发信息区转发文本与全文间距","elementCode":"M_T_X008","ios":2,"android":2,"h5":6},{"_id":"5f95918cc531587ee80a3859","id":3,"code":"F_M_T_X3","cline":"FEED","cclass":"UGC模板","cmeaning":"互动操作区文本与操作项文本间距","elementCode":"M_T_X003","ios":4,"android":3,"h5":12},{"_id":"5f9591bdc531587ee80a385a","id":4,"code":"F_M_T_X4","cline":"FEED","cclass":"UGC模板","cmeaning":"挂载信息区挂载卡片封面与标题间距","elementCode":"M_T_X002","ios":8,"android":4,"h5":24},{"_id":"5f69c88913de2836a29aac5a","id":3,"code":"S_M_T_X3","cline":"搜索","cclass":"行间距","cmeaning":"一级标题两行时文字间距","elementCode":"M_T_X004","ios":9,"android":8,"h5":27},{"_id":"5f69c8a213de2836a29aac5b","id":4,"code":"S_M_T_X4","cline":"搜索","cclass":"行间距","cmeaning":"卡内元素上下间距","elementCode":"M_T_X006","ios":12,"android":10,"h5":36},{"_id":"5f69caab13de2836a29aac5e","id":5,"code":"S_M_T_X5","cline":"搜索","cclass":"行间距","cmeaning":"模块标题距内容间距","elementCode":"M_T_X009","ios":15,"android":13,"h5":45},{"_id":"5f69cac013de2836a29aac5f","id":6,"code":"S_M_T_X6","cline":"搜索","cclass":"行间距","cmeaning":"一级标题距卡片顶部间距","elementCode":"M_T_X010","ios":18,"android":15,"h5":54},{"_id":"5f959210c531587ee80a385b","id":1,"code":"F_S_I_X1","cline":"FEED","cclass":"刷新条","cmeaning":"刷新条点击回头部背景","elementCode":"S_I_X001","type":"inside","ios":{"size":"","x":"","y":""},"android":{"size":"","x":"","y":""},"h5":{"size":"51","x":"0","y":"0"},"camId":"CAM_X611","defaultValue":{"color":"000000","opacity":0.05,"rgba":"0, 0, 0, 0.05"},"darkValue":{"color":"FFFFFF","opacity":0.1,"rgba":"255, 255, 255, 0.1"},"nightValue":{"color":"888888","opacity":0.1,"rgba":"136, 136, 136, 0.1"}},{"_id":"5f959237c531587ee80a385c","id":1,"code":"F_S_O_X1","cline":"FEED","cclass":"feed-tab","cmeaning":"tab选中条","elementCode":"S_O_X001","type":"outside","ios":{"size":"","x":"","y":""},"android":{"size":"","x":"","y":""},"h5":{"size":"18","x":"0","y":"0"},"camId":"CAM_X641","defaultValue":{"color":"4E6EF2","opacity":0.3,"rgba":"78, 110, 242, 0.3"},"darkValue":{"color":"4E6EF2","opacity":0.3,"rgba":"78, 110, 242, 0.3"},"nightValue":{"color":"263778","opacity":0.2,"rgba":"38, 55, 120, 0.2"}},{"_id":"5f95924fc531587ee80a385d","id":2,"code":"F_S_O_X2","cline":"FEED","cclass":"feed-tab","cmeaning":"tab条选中色-日间有底色","elementCode":"S_O_X002","type":"outside","ios":{"size":"","x":"","y":""},"android":{"size":"","x":"","y":""},"h5":{"size":"12","x":"0","y":"0"},"camId":"CAM_X769","defaultValue":{"color":"000000","opacity":0.1,"rgba":"0, 0, 0, 0.1"},"darkValue":{"color":"4E6EF2","opacity":0.3,"rgba":"78, 110, 242, 0.3"},"nightValue":{"color":"263778","opacity":0.2,"rgba":"38, 55, 120, 0.2"}},{"_id":"5f959292c531587ee80a385e","id":1,"code":"F_Mask_X1","cline":"FEED","cclass":"图片","cmeaning":"动态挂载类卡片蒙层","elementCode":"Mask_X03","color":"{\"cname\":\"C_X010\",\"color\":\"000000\"}","size":124,"direction":"top","startOpacity":0.25,"nodeOpacity":0,"nodePositon":0,"endOpacity":0},{"_id":"5f9592b3c531587ee80a385f","id":2,"code":"F_Mask_X2","cline":"FEED","cclass":"图片","cmeaning":"卡片+容器（图片上有文字内容的）","elementCode":"Mask_X11","color":"{\"cname\":\"C_X010\",\"color\":\"000000\"}","size":0,"direction":"bottom","startOpacity":0,"nodeOpacity":0.1,"nodePositon":0.85,"endOpacity":0.3}]}
