{"status":0,"data":[{"cname":"FC1","cnum":"CAM_X791","cclass":"标题类文字","cmeaning":"列表页Feed标题字色","cline":"FEED","mods":[{"name":"default","color":"1F1F1F","opacity":1,"rgba":"31, 31, 31, 1"},{"name":"dark","color":"FFFFFF","opacity":0.8,"rgba":"255, 255, 255, 0.8"},{"name":"night","color":"666666","opacity":1,"rgba":"102, 102, 102, 1"}]},{"cname":"FC10","cnum":"CAM_X791","cclass":"正文类文字","cmeaning":"落地页引入信息（挂件）主要文字","cline":"FEED","mods":[{"name":"default","color":"1F1F1F","opacity":1,"rgba":"31, 31, 31, 1"},{"name":"dark","color":"FFFFFF","opacity":0.8,"rgba":"255, 255, 255, 0.8"},{"name":"night","color":"666666","opacity":1,"rgba":"102, 102, 102, 1"}]},{"cname":"FC94","cnum":"CAM_X626","cclass":"标签用色","cmeaning":"一级标签-灰蓝-直播预约-背景","cline":"FEED","mods":[{"name":"default","color":"4E6EF2","opacity":1,"rgba":"78, 110, 242, 1"},{"name":"dark","color":"4E6EF2","opacity":1,"rgba":"78, 110, 242, 1"},{"name":"night","color":"263678","opacity":1,"rgba":"38, 54, 120, 1"}]},{"cname":"FC95","cnum":"CAM_X791","cclass":"灰色tag","cmeaning":"灰色tag文字色","cline":"FEED","mods":[{"name":"default","color":"1F1F1F","opacity":1,"rgba":"31, 31, 31, 1"},{"name":"dark","color":"FFFFFF","opacity":0.8,"rgba":"255, 255, 255, 0.8"},{"name":"night","color":"666666","opacity":1,"rgba":"102, 102, 102, 1"}]},{"cname":"FC96","cnum":"CAM_X920","cclass":"灰色tag","cmeaning":"灰色tag背景色","cline":"FEED","mods":[{"name":"default","color":"F5F5F5","opacity":1,"rgba":"245, 245, 245, 1"},{"name":"dark","color":"1B1B1B","opacity":1,"rgba":"27, 27, 27, 1"},{"name":"night","color":"121212","opacity":1,"rgba":"18, 18, 18, 1"}]},{"cname":"FC97","cnum":"CAM_X917","cclass":"刷新条","cmeaning":"刷新条点击回头部背景","cline":"FEED","mods":[{"name":"default","color":"4E6EF2","opacity":0.1,"rgba":"78, 110, 242, 0.1"},{"name":"dark","color":"4E6EF2","opacity":0.3,"rgba":"78, 110, 242, 0.3"},{"name":"night","color":"4E6EF2","opacity":0.2,"rgba":"78, 110, 242, 0.2"}]},{"cname":"FC98","cnum":"CAM_X1112","cclass":"刷新条点击回头部文字","cmeaning":"刷新点击回头部文字色","cline":"FEED","mods":[{"name":"default","color":"293A80","opacity":1,"rgba":"41, 58, 128, 1"},{"name":"dark","color":"4063F5","opacity":1,"rgba":"64, 99, 245, 1"},{"name":"night","color":"263678","opacity":1,"rgba":"38, 54, 120, 1"}]},{"cname":"FC99","cnum":"CAM_X887","cclass":"图片副标题字色","cmeaning":"专题卫报模版副标题字色","cline":"FEED","mods":[{"name":"default","color":"FFFFFF","opacity":0.7,"rgba":"255, 255, 255, 0.7"},{"name":"dark","color":"FFFFFF","opacity":0.5,"rgba":"255, 255, 255, 0.5"},{"name":"night","color":"FFFFFF","opacity":0.5,"rgba":"255, 255, 255, 0.5"}]}]}
