{
	"status": 0,
	"data": [{
		"_id": "5f958c96c531587ee80a3849",
		"id": 1,
		"code": "F_Txt_X1",
		"cline": "FEED",
		"cclass": "按钮文本",
		"cmeaning": "按钮一级文本",
		"elementCode": "Txt_X091",
		"fontId": 1,
		"iosFont": 400,
		"androidFont": 400,
		"h5Font": 400,
		"fontSizeId": 15,
		"iosFontSize": 28,
		"androidFontSize": 48,
		"h5FontSize": 63,
		"camId": "CAM_X350",
		"defaultValue": {
			"color": "000000",
			"opacity": 1,
			"rgba": "0, 0, 0, 1"
		},
		"darkValue": {
			"color": "FFFFFF",
			"opacity": 1,
			"rgba": "255, 255, 255, 1"
		},
		"nightValue": {
			"color": "666666",
			"opacity": 1,
			"rgba": "102, 102, 102, 1"
		},
		"dim": ["按钮文本", "按钮一级文本"]
	}, {
		"_id": "5f958cb8c531587ee80a384a",
		"id": 2,
		"code": "F_Txt_X2",
		"cline": "FEED",
		"cclass": "按钮文本",
		"cmeaning": "按钮二级文本",
		"elementCode": "Txt_X039",
		"fontId": 1,
		"iosFont": 700,
		"androidFont": 700,
		"h5Font": 700,
		"fontSizeId": 10,
		"iosFontSize": 36,
		"androidFontSize": 48,
		"h5FontSize": 98,
		"camId": "CAM_X350",
		"defaultValue": {
			"color": "000000",
			"opacity": 1,
			"rgba": "0, 0, 0, 1"
		},
		"darkValue": {
			"color": "FFFFFF",
			"opacity": 1,
			"rgba": "255, 255, 255, 1"
		},
		"nightValue": {
			"color": "666666",
			"opacity": 1,
			"rgba": "102, 102, 102, 1"
		},
		"dim": ["按钮文本", "按钮二级文本"]
	}, {
		"_id": "5f958d05c531587ee80a384b",
		"id": 3,
		"code": "F_Txt_X3",
		"cline": "FEED",
		"cclass": "标题基础模板",
		"cmeaning": "横滑内容标题",
		"elementCode": "Txt_X091",
		"fontId": 1,
		"iosFont": 400,
		"androidFont": 400,
		"h5Font": 400,
		"fontSizeId": 15,
		"iosFontSize": 15,
		"androidFontSize": 18,
		"h5FontSize": 35,
		"camId": "CAM_X350",
		"defaultValue": {
			"color": "000000",
			"opacity": 1,
			"rgba": "0, 0, 0, 1"
		},
		"darkValue": {
			"color": "FFFFFF",
			"opacity": 1,
			"rgba": "255, 255, 255, 1"
		},
		"nightValue": {
			"color": "666666",
			"opacity": 1,
			"rgba": "102, 102, 102, 1"
		},
		"dim": ["标题基础模板", "横滑内容标题"]
	}, {
		"_id": "5f958d36c531587ee80a384c",
		"id": 4,
		"code": "F_Txt_X4",
		"cline": "FEED",
		"cclass": "标题基础模板",
		"cmeaning": "模块弱化标题",
		"elementCode": "Txt_X010",
		"fontId": 1,
		"iosFont": 400,
		"androidFont": 400,
		"h5Font": 400,
		"fontSizeId": 3,
		"iosFontSize": 21,
		"androidFontSize": 28,
		"h5FontSize": 51,
		"camId": "CAM_X350",
		"defaultValue": {
			"color": "000000",
			"opacity": 1,
			"rgba": "0, 0, 0, 1"
		},
		"darkValue": {
			"color": "FFFFFF",
			"opacity": 1,
			"rgba": "255, 255, 255, 1"
		},
		"nightValue": {
			"color": "666666",
			"opacity": 1,
			"rgba": "102, 102, 102, 1"
		},
		"dim": ["标题基础模板", "模块弱化标题"]
    },

    {"code":"J_X01","cline":"FEED","cclass":"元素边角","cmeaning":"0.5H","elementCode":"J_X01","ios":"-1,-1,-1,-1","android":"-1,-1,-1,-1","h5":""},
    {"code":"J_X02","cline":"FEED","cclass":"元素边角","cmeaning":"0","elementCode":"J_X02","ios":"0,0,0,0","android":"0,0,0,0","h5":""},
    {"code":"J_X03","cline":"FEED","cclass":"元素边角","cmeaning":"2","elementCode":"J_X03","ios":"2,2,2,2","android":"5,5,5,5","h5":""},
    {"code":"J_X04","cline":"FEED","cclass":"元素边角","cmeaning":"4","elementCode":"J_X04","ios":"4,4,4,4","android":"10,10,10,10","h5":""},
    {"code":"J_X05","cline":"FEED","cclass":"元素边角","cmeaning":"8","elementCode":"J_X05","ios":"8,8,8,8","android":"21,21,21,21","h5":""},
    {"code":"J_X06","cline":"FEED","cclass":"元素边角","cmeaning":"12","elementCode":"J_X06","ios":"12,12,12,12","android":"31,31,31,31","h5":""},
    {"code":"J_X07","cline":"FEED","cclass":"元素边角","cmeaning":"20","elementCode":"J_X07","ios":"20,20,20,20","android":"52,52,52,52","h5":""},

    {"code":"J_X08","cline":"FEED","cclass":"元素边角","cmeaning":"0,8,0,0","elementCode":"J_X08","ios":"0,8,0,0","android":"0,21,0,0","h5":""},
    {"code":"J_X09","cline":"FEED","cclass":"元素边角","cmeaning":"0,0,8,0","elementCode":"J_X09","ios":"0,0,8,0","android":"0,0,21,0","h5":""},
    {"code":"J_X10","cline":"FEED","cclass":"元素边角","cmeaning":"0,0,0,8","elementCode":"J_X10","ios":"0,0,0,8","android":"0,0,0,21","h5":""},
    {"code":"J_X11","cline":"FEED","cclass":"元素边角","cmeaning":"0,8,8,0","elementCode":"J_X11","ios":"0,8,8,0","android":"0,21,21,0","h5":""},

    {"code":"J_X12","cline":"FEED","cclass":"元素边角","cmeaning":"8,0,0,8","elementCode":"J_X12","ios":"8,0,0,8","android":"21,0,0,21","h5":""},
    {"code":"J_X13","cline":"FEED","cclass":"元素边角","cmeaning":"8,8,0,0","elementCode":"J_X13","ios":"8,8,0,0","android":"21,21,0,0","h5":""},
    {"code":"J_X14","cline":"FEED","cclass":"元素边角","cmeaning":"12,12,0,0","elementCode":"J_X14","ios":"12,12,0,0","android":"21,21,0,0","h5":""},


    {"code":"G_R_T02","cline":"FEED","cclass":"通栏栅格","cmeaning":"通栏栅格 2N","desc": "2N","elementCode":"F_S_W_X01","ios":58,"android":50,"h5":0},
    {"code":"G_R_T03","cline":"FEED","cclass":"通栏栅格","cmeaning":"通栏栅格 3N","desc": "3N","elementCode":"F_S_W_X02","ios":91,"android":77,"h5":0},
    {"code":"G_R_T04","cline":"FEED","cclass":"通栏栅格","cmeaning":"通栏栅格 4N","desc": "4N","elementCode":"F_S_W_X03","ios":124,"android":106,"h5":0},

    {"code":"G_R_T05","cline":"FEED","cclass":"通栏栅格","cmeaning":"通栏栅格 5N","desc": "5N","elementCode":"F_S_W_X04","ios":157,"android":134,"h5":0},
    {"code":"G_R_T06","cline":"FEED","cclass":"通栏栅格","cmeaning":"通栏栅格 6N","desc": "6N","elementCode":"F_S_W_X05","ios":190,"android":162,"h5":0},
    {"code":"G_R_T07","cline":"FEED","cclass":"通栏栅格","cmeaning":"通栏栅格 7N","desc": "7N","elementCode":"F_S_W_X06","ios":223,"android":190,"h5":0},

    {"code":"G_R_T08","cline":"FEED","cclass":"通栏栅格","cmeaning":"通栏栅格 8N","desc": "8N","elementCode":"F_S_W_X07","ios":256,"android":218,"h5":0},
    {"code":"G_R_T09","cline":"FEED","cclass":"通栏栅格","cmeaning":"通栏栅格 9N","desc": "9N","elementCode":"F_S_W_X08","ios":289,"android":246,"h5":0},
    {"code":"G_R_T10","cline":"FEED","cclass":"通栏栅格","cmeaning":"通栏栅格 10N","desc": "10N","elementCode":"F_S_W_X09","ios":322,"android":274,"h5":0},

    {"code":"G_R_T11","cline":"FEED","cclass":"通栏栅格","cmeaning":"通栏栅格 11N","desc": "11N","elementCode":"F_S_W_X10","ios":355,"android":303,"h5":0},
    {"code":"G_R_T12","cline":"FEED","cclass":"通栏栅格","cmeaning":"通栏栅格 12N","desc": "12N","elementCode":"F_S_W_X11","ios":388,"android":330,"h5":0},

    {"code":"G_R_C02","cline":"FEED","cclass":"卡片栅格","cmeaning":"通栏栅格 2N","desc": "2N","elementCode":"F_S_W_X01","ios":56,"android":50,"h5":0},
    {"code":"G_R_C03","cline":"FEED","cclass":"卡片栅格","cmeaning":"通栏栅格 3N","desc": "3N","elementCode":"F_S_W_X02","ios":88,"android":77,"h5":0},
    {"code":"G_R_C04","cline":"FEED","cclass":"卡片栅格","cmeaning":"通栏栅格 4N","desc": "4N","elementCode":"F_S_W_X03","ios":120,"android":106,"h5":0},

    {"code":"G_R_C05","cline":"FEED","cclass":"卡片栅格","cmeaning":"通栏栅格 5N","desc": "5N","elementCode":"F_S_W_X04","ios":152,"android":134,"h5":0},
    {"code":"G_R_C06","cline":"FEED","cclass":"卡片栅格","cmeaning":"通栏栅格 6N","desc": "6N","elementCode":"F_S_W_X05","ios":184,"android":162,"h5":0},
    {"code":"G_R_C07","cline":"FEED","cclass":"卡片栅格","cmeaning":"通栏栅格 7N","desc": "7N","elementCode":"F_S_W_X06","ios":216,"android":190,"h5":0},

    {"code":"G_R_C08","cline":"FEED","cclass":"卡片栅格","cmeaning":"通栏栅格 8N","desc": "8N","elementCode":"F_S_W_X07","ios":248,"android":218,"h5":0},
    {"code":"G_R_C09","cline":"FEED","cclass":"卡片栅格","cmeaning":"通栏栅格 9N","desc": "9N","elementCode":"F_S_W_X08","ios":280,"android":246,"h5":0},
    {"code":"G_R_C10","cline":"FEED","cclass":"卡片栅格","cmeaning":"通栏栅格 10N","desc": "10N","elementCode":"F_S_W_X09","ios":312,"android":274,"h5":0},

    {"code":"G_R_C11","cline":"FEED","cclass":"卡片栅格","cmeaning":"通栏栅格 11N","desc": "11N","elementCode":"F_S_W_X10","ios":344,"android":303,"h5":0},
    {"code":"G_R_C12","cline":"FEED","cclass":"卡片栅格","cmeaning":"通栏栅格 12N","desc": "12N","elementCode":"F_S_W_X11","ios":376,"android":330,"h5":0},



    {"code":"G_R_S01","cline":"FEED","cclass":"比例","cmeaning":"标准1:1","desc": "1:1","elementCode":"F_S_W_S01","ios":0,"android":0,"h5":0, "scale": "1:1"},
    {"code":"G_R_S02","cline":"FEED","cclass":"比例","cmeaning":"标准3:4","desc": "3:4","elementCode":"F_S_W_S02","ios":0,"android":0,"h5":0, "scale": "3:4"},
    {"code":"G_R_S03","cline":"FEED","cclass":"比例","cmeaning":"标准4:2","desc": "4:2","elementCode":"F_S_W_S03","ios":0,"android":0,"h5":0, "scale": "4:2"},
    {"code":"G_R_S04","cline":"FEED","cclass":"比例","cmeaning":"标准16:9","desc": "16:9","elementCode":"F_S_W_S04","ios":0,"android":0,"h5":0, "scale": "16:9"},
    {"code":"G_R_S05","cline":"FEED","cclass":"比例","cmeaning":"标准3:1","desc": "3:1","elementCode":"F_S_W_S05","ios":0,"android":0,"h5":0, "scale": "3:1"},
    {"code":"G_R_S06","cline":"FEED","cclass":"比例","cmeaning":"标准4:3","desc": "4:3","elementCode":"F_S_W_S06","ios":0,"android":0,"h5":0, "scale": "4:3"},


    {"code":"M_L_X01","cline":"FEED","cclass":"feed模版通用","cmeaning":"胶囊图片边缘左间距","desc": "左10","elementCode":"F_M_L_X01","ios":10,"android":15,"h5":15, "pos": 3},
    {"code":"M_L_X02","cline":"FEED","cclass":"feed模版通用","cmeaning":"胶囊图片边缘右间距","desc": "右10","elementCode":"F_M_L_X02","ios":10,"android":15,"h5":15, "pos": 1},
    {"code":"M_L_X03","cline":"FEED","cclass":"feed模版通用","cmeaning":"胶囊图片边缘上间距","desc": "上15","elementCode":"F_M_L_X03","ios":15,"android":22,"h5":20, "pos": 0},
    {"code":"M_L_X04","cline":"FEED","cclass":"feed模版通用","cmeaning":"胶囊图片边缘下间距","desc": "下15","elementCode":"F_M_L_X04","ios":15,"android":22,"h5":20, "pos": 2},

    {"code":"M_H_X001","cline":"TIEBA","cclass":"M_H_X001","cmeaning":"M_H_X001","desc": "10","elementCode":"M_H_X001","ios":10,"android":10,"h5":4, "pos": 31},
    {"code":"M_H_X002","cline":"TIEBA","cclass":"M_H_X002","cmeaning":"M_H_X002","desc": "16","elementCode":"M_H_X002","ios":16,"android":16,"h5":6, "pos": 31},
    {"code":"M_H_X003","cline":"TIEBA","cclass":"M_H_X003","cmeaning":"M_H_X003","desc": "21","elementCode":"M_H_X003","ios":21,"android":21,"h5":8, "pos": 31},
    {"code":"M_H_X004","cline":"TIEBA","cclass":"M_H_X004","cmeaning":"M_H_X004","desc": "31","elementCode":"M_H_X004","ios":31,"android":31,"h5":12, "pos": 31},
    {"code":"M_H_X005","cline":"TIEBA","cclass":"M_H_X005","cmeaning":"M_H_X005","desc": "42","elementCode":"M_H_X005","ios":42,"android":42,"h5":16, "pos": 31},
    {"code":"M_H_X006","cline":"TIEBA","cclass":"M_H_X006","cmeaning":"M_H_X006","desc": "47","elementCode":"M_H_X006","ios":47,"android":47,"h5":18, "pos": 31},
    {"code":"M_H_X007","cline":"TIEBA","cclass":"M_H_X007","cmeaning":"M_H_X007","desc": "52","elementCode":"M_H_X007","ios":52,"android":52,"h5":20, "pos": 31},
    {"code":"M_H_X008","cline":"TIEBA","cclass":"M_H_X008","cmeaning":"M_H_X008","desc": "62","elementCode":"M_H_X008","ios":62,"android":62,"h5":24, "pos": 31},
    {"code":"M_H_X009","cline":"TIEBA","cclass":"M_H_X009","cmeaning":"M_H_X009","desc": "73","elementCode":"M_H_X009","ios":73,"android":73,"h5":28, "pos": 31},
    {"code":"M_H_X010","cline":"TIEBA","cclass":"M_H_X010","cmeaning":"M_H_X010","desc": "83","elementCode":"M_H_X010","ios":83,"android":83,"h5":32, "pos": 31},
    {"code":"M_H_X011","cline":"TIEBA","cclass":"M_H_X011","cmeaning":"M_H_X011","desc": "94","elementCode":"M_H_X011","ios":94,"android":94,"h5":36, "pos": 31},
    {"code":"M_H_X012","cline":"TIEBA","cclass":"M_H_X012","cmeaning":"M_H_X012","desc": "104","elementCode":"M_H_X012","ios":104,"android":104,"h5":40, "pos": 31},
    {"code":"M_H_X013","cline":"TIEBA","cclass":"M_H_X013","cmeaning":"M_H_X013","desc": "114","elementCode":"M_H_X013","ios":114,"android":114,"h5":44, "pos": 31},
    {"code":"M_H_X014","cline":"TIEBA","cclass":"M_H_X014","cmeaning":"M_H_X014","desc": "125","elementCode":"M_H_X014","ios":125,"android":125,"h5":48, "pos": 31},
    {"code":"M_H_X015","cline":"TIEBA","cclass":"M_H_X015","cmeaning":"M_H_X015","desc": "135","elementCode":"M_H_X015","ios":135,"android":135,"h5":52, "pos": 31},
    {"code":"M_H_X016","cline":"TIEBA","cclass":"M_H_X016","cmeaning":"M_H_X016","desc": "146","elementCode":"M_H_X016","ios":146,"android":146,"h5":56, "pos": 31},
    {"code":"M_H_X017","cline":"TIEBA","cclass":"M_H_X017","cmeaning":"M_H_X017","desc": "156","elementCode":"M_H_X017","ios":156,"android":156,"h5":60, "pos": 31},

    {"code":"M_W_X001","cline":"TIEBA","cclass":"M_W_X001","cmeaning":"M_W_X001","desc": "5","elementCode":"M_W_X001","ios":5,"android":10,"h5":4, "pos": 20},
    {"code":"M_W_X002","cline":"TIEBA","cclass":"M_W_X002","cmeaning":"M_W_X002","desc": "10","elementCode":"M_W_X002","ios":10,"android":16,"h5":6, "pos": 20},
    {"code":"M_W_X003","cline":"TIEBA","cclass":"M_W_X003","cmeaning":"M_W_X003","desc": "16","elementCode":"M_W_X003","ios":14,"android":21,"h5":8, "pos": 20},
    {"code":"M_W_X004","cline":"TIEBA","cclass":"M_W_X004","cmeaning":"M_W_X004","desc": "21","elementCode":"M_W_X004","ios":21,"android":31,"h5":12, "pos": 20},
    {"code":"M_W_X005","cline":"TIEBA","cclass":"M_W_X005","cmeaning":"M_W_X005","desc": "29","elementCode":"M_W_X005","ios":29,"android":42,"h5":16, "pos": 20},
    {"code":"M_W_X006","cline":"TIEBA","cclass":"M_W_X006","cmeaning":"M_W_X006","desc": "31","elementCode":"M_W_X006","ios":31,"android":47,"h5":18, "pos": 20},
    {"code":"M_W_X007","cline":"TIEBA","cclass":"M_W_X007","cmeaning":"M_W_X007","desc": "34","elementCode":"M_W_X007","ios":34,"android":52,"h5":20, "pos": 20},
    {"code":"M_W_X008","cline":"TIEBA","cclass":"M_W_X008","cmeaning":"M_W_X008","desc": "42","elementCode":"M_W_X008","ios":42,"android":62,"h5":24, "pos": 20},
    {"code":"M_W_X009","cline":"TIEBA","cclass":"M_W_X009","cmeaning":"M_W_X009","desc": "44","elementCode":"M_W_X009","ios":44,"android":73,"h5":28, "pos": 20},
    {"code":"M_W_X010","cline":"TIEBA","cclass":"M_W_X010","cmeaning":"M_W_X010","desc": "47","elementCode":"M_W_X010","ios":47,"android":83,"h5":32, "pos": 20},
    {"code":"M_W_X011","cline":"TIEBA","cclass":"M_W_X011","cmeaning":"M_W_X011","desc": "49","elementCode":"M_W_X011","ios":49,"android":94,"h5":36, "pos": 20},
    {"code":"M_W_X012","cline":"TIEBA","cclass":"M_W_X012","cmeaning":"M_W_X012","desc": "52","elementCode":"M_W_X012","ios":52,"android":104,"h5":40, "pos": 20},
    {"code":"M_W_X013","cline":"TIEBA","cclass":"M_W_X013","cmeaning":"M_W_X013","desc": "62","elementCode":"M_W_X013","ios":62,"android":114,"h5":44, "pos": 20},
    {"code":"M_W_X014","cline":"TIEBA","cclass":"M_W_X014","cmeaning":"M_W_X014","desc": "73","elementCode":"M_W_X014","ios":73,"android":125,"h5":48, "pos": 20},
    {"code":"M_W_X015","cline":"TIEBA","cclass":"M_W_X015","cmeaning":"M_W_X015","desc": "83","elementCode":"M_W_X015","ios":83,"android":135,"h5":52, "pos": 20},
    {"code":"M_W_X016","cline":"TIEBA","cclass":"M_W_X016","cmeaning":"M_W_X016","desc": "94","elementCode":"M_W_X016","ios":94,"android":146,"h5":56, "pos": 20},
    {"code":"M_W_X017","cline":"TIEBA","cclass":"M_W_X017","cmeaning":"M_W_X017","desc": "104","elementCode":"M_W_X017","ios":104,"android":156,"h5":60, "pos": 20},
    {"code":"M_W_X018","cline":"TIEBA","cclass":"M_W_X018","cmeaning":"M_W_X018","desc": "114","elementCode":"M_W_X018","ios":114,"android":104,"h5":40, "pos": 20},
    {"code":"M_W_X019","cline":"TIEBA","cclass":"M_W_X019","cmeaning":"M_W_X019","desc": "125","elementCode":"M_W_X019","ios":125,"android":114,"h5":44, "pos": 20},
    {"code":"M_W_X020","cline":"TIEBA","cclass":"M_W_X020","cmeaning":"M_W_X020","desc": "135","elementCode":"M_W_X020","ios":135,"android":125,"h5":48, "pos": 20},
    {"code":"M_W_X021","cline":"TIEBA","cclass":"M_W_X021","cmeaning":"M_W_X021","desc": "146","elementCode":"M_W_X021","ios":146,"android":135,"h5":52, "pos": 20},
    {"code":"M_W_X022","cline":"TIEBA","cclass":"M_W_X022","cmeaning":"M_W_X022","desc": "156","elementCode":"M_W_X022","ios":156,"android":146,"h5":56, "pos": 20},


    {"code":"M_T_X001","cline":"TIEBA","cclass":"M_T_X001","cmeaning":"M_T_X001","desc": "16","elementCode":"M_T_X001","ios":16,"android":125,"h5":48, "pos": 31},
    {"code":"M_T_X002","cline":"TIEBA","cclass":"M_T_X002","cmeaning":"M_T_X002","desc": "21","elementCode":"M_T_X002","ios":21,"android":135,"h5":52, "pos": 31},
    {"code":"M_T_X003","cline":"TIEBA","cclass":"M_T_X003","cmeaning":"M_T_X003","desc": "31","elementCode":"M_T_X003","ios":31,"android":146,"h5":56, "pos": 31},

    {
        "code": "T_Mask_X001",
        "cline": "TIEBA",
        "cclass": "贴吧蒙层",
        "cmeaning": "Mask_X001",
        "elementCode": "Mask_X001",
        "size": 0,
        "from": {"x": 0.5, "y": 0},
        "to": {"x": 0.5, "y": 1},
        "stops": [
            {"color": "000000", "alpha": 0.25, "position": 0 },
            {"color": "000000", "alpha": 0.25, "position": 0.2 },
            { "color": "000000", "alpha": 0, "position": 1}
        ]
    },
    {
        "code": "T_Mask_X002",
        "cline": "TIEBA",
        "cclass": "贴吧蒙层",
        "cmeaning": "Mask_X002",
        "elementCode": "Mask_X002",
        "size": 0,
        "from": {"x": 0.5, "y": 1},
        "to": {"x": 0.5, "y": 0},
        "stops": [
            {"color": "000000", "alpha": 0.25, "position": 0 },
            {"color": "000000", "alpha": 0.25, "position": 0.3 },
            { "color": "000000", "alpha": 0, "position": 1}
        ]
    },
    {
        "code": "T_Mask_X003",
        "cline": "TIEBA",
        "cclass": "贴吧蒙层",
        "cmeaning": "Mask_X003",
        "elementCode": "Mask_X003",
        "size": 0,
        "from": {"x": 0.5, "y": 1},
        "to": {"x": 0.5, "y": 0.5},
        "stops": [
            {"color": "000000", "alpha": 0, "position": 0 },
            { "color": "000000", "alpha": 0.5, "position": 1}
        ]
    },
    {
        "code": "T_Mask_X004",
        "cline": "TIEBA",
        "cclass": "贴吧蒙层",
        "cmeaning": "Mask_X004",
        "elementCode": "Mask_X004",
        "size": 0,
        "from": {"x": 0.5, "y": 1},
        "to": {"x": 0.5, "y": 0},
        "stops": [
            {"color": "000000", "alpha": 0.25, "position": 0 },
            {"color": "000000", "alpha": 0.25, "position": 1 }
        ]
    },
    {
        "code": "T_Mask_X005",
        "cline": "TIEBA",
        "cclass": "贴吧蒙层",
        "cmeaning": "Mask_X005",
        "elementCode": "Mask_X005",
        "size": 0,
        "from": {"x": 0.5, "y": 1},
        "to": {"x": 0.5, "y": 0},
        "stops": [
            {"color": "000000", "alpha": 0.33, "position": 0 },
            {"color": "000000", "alpha": 0.33, "position": 1 }
        ]
    },
    {
        "code": "T_Mask_X006",
        "cline": "TIEBA",
        "cclass": "贴吧蒙层",
        "cmeaning": "Mask_X006",
        "elementCode": "Mask_X006",
        "size": 0,
        "from": {"x": 0.5, "y": 1},
        "to": {"x": 0.5, "y": 0},
        "stops": [
            {"color": "000000", "alpha": 0.66, "position": 0 },
            {"color": "000000", "alpha": 0.66, "position": 1 }
        ]
    },
    {
        "code": "T_Mask_X007",
        "cline": "TIEBA",
        "cclass": "贴吧蒙层",
        "cmeaning": "Mask_X007",
        "elementCode": "Mask_X007",
        "size": 0,
        "from": {"x": 0.5, "y": 1},
        "to": {"x": 0.5, "y": 0},
        "stops": [
            {"color": "000000", "alpha": 0.92, "position": 0 },
            {"color": "000000", "alpha": 0.92, "position": 1 }
        ]
    },
    {
        "code": "T_S_O_X001",
        "cline": "TIEBA",
        "cclass": "贴吧阴影",
        "cmeaning": "S_O_X001",
        "elementCode": "S_O_X001",
        "type": "outside",
        "ios": { "size": "0", "x": "0", "y": "2", "spread": "0" },
        "android": { "size": "0", "x": "0", "y": "2", "spread": "0" },
        "h5": { "size": "0", "x": "0", "y": "1", "spread": "0" },
        "color": "928DA8",
        "opacity": 0.12
    },
    {
        "code": "T_S_O_X002",
        "cline": "TIEBA",
        "cclass": "贴吧阴影",
        "cmeaning": "S_O_X002",
        "elementCode": "S_O_X002",
        "type": "outside",
        "ios": { "size": "10", "x": "0", "y": "5", "spread": "0" },
        "android": { "size": "10", "x": "0", "y": "5", "spread": "0" },
        "h5": { "size": "4", "x": "0", "y": "2", "spread": "0" },
        "color": "928DA8",
        "opacity": 0.08
    },
    {
        "code": "T_S_O_X003",
        "cline": "TIEBA",
        "cclass": "贴吧阴影",
        "cmeaning": "S_O_X003",
        "elementCode": "S_O_X003",
        "type": "outside",
        "ios": { "size": "16", "x": "0", "y": "5", "spread": "0" },
        "android": { "size": "16", "x": "0", "y": "5", "spread": "0" },
        "h5": { "size": "6", "x": "0", "y": "2", "spread": "0" },
        "color": "928DA8",
        "opacity": 0.12
    },
    {
        "code": "T_S_O_X004",
        "cline": "TIEBA",
        "cclass": "贴吧阴影",
        "cmeaning": "S_O_X004",
        "elementCode": "S_O_X004",
        "type": "outside",
        "ios": { "size": "21", "x": "0", "y": "5", "spread": "0" },
        "android": { "size": "21", "x": "0", "y": "5", "spread": "0" },
        "h5": { "size": "8", "x": "0", "y": "2", "spread": "0" },
        "color": "928DA8",
        "opacity": 0.12
    }
    ]
}
